ym,Gasolina 93,Gasolina 97,Diésel
2014-08-01,70.174676165805,87.9389393939412,74.589220038049
2014-09-01,65.7076474400519,82.7566893424021,75.355076142132
2014-10-01,65.938347320854,82.681749622928,76.507779886148
2014-11-01,68.4438303341884,87.0087152516922,76.5137909319878
2014-12-01,69.0617212588329,91.1182835820876,78.4707730986801
2015-01-01,68.621419437342,88.6073243647235,78.9752190237777
2015-02-01,65.5627551020408,93.0263785394954,75.7615193026173
2015-03-01,61.3626429479017,93.6726394052065,74.0028535980169
2015-04-01,71.7881043256979,106.015270570794,74.206765983861
2015-05-01,70.993061744112,106.615976331361,72.6623602484453
2015-06-01,69.3030012771411,110.327198817443,73.1184769038681
2015-07-01,68.3556194125141,116.731578947369,75.9839675608256
2015-08-01,65.4942748091621,114.783087149191,76.6606587942822
2015-09-01,55.1326402016383,105.802936857563,77.1146551724158
2015-10-01,55.3938634940514,111.782116788321,76.9577111383109
2015-11-01,56.599311208516,112.043075801746,76.496080832821
2015-12-01,58.9671660424459,115.604647785037,80.3269676632073
2016-01-01,56.6536539662727,112.965043604648,78.9985949908392
2016-02-01,59.1004364089765,111.727490909091,78.9737515225315
2016-03-01,60.731625,108.864186725015,76.1257177764181
2016-04-01,69.9737991266395,118.010706482156,75.560402684566
2016-05-01,69.5274424393299,116.895500725689,74.5734917733111
2016-06-01,69.0145885286764,120.812999273784,74.570042708971
2016-07-01,69.9889582033705,120.848946986202,75.1615853658537
2016-08-01,63.8318352059907,114.17550872093,76.4737484737485
2016-09-01,56.9703124999983,107.372978878371,76.3222018348602
2016-10-01,57.0133208255142,105.059243085883,75.4850673194593
2016-11-01,57.2598247809753,104.982069970846,75.8402939375363
2016-12-01,58.723418910456,105.101824817519,75.357169117645
2017-01-01,64.570569818411,111.013795620438,76.2393010423033
2017-02-01,66.8711864406796,114.15580715851,76.1191763982812
2017-03-01,63.9405878674171,111.076649746193,74.8764561618639
2017-04-01,68.9244360902256,115.409090909091,74.0356703567015
2017-05-01,70.6662935323364,115.730108303249,76.2890042761171
2017-06-01,72.106592039801,115.990751445084,77.1280316879972
2017-07-01,72.8094468614027,114.698413842826,76.7846622032889
2017-08-01,67.7712168004922,108.695340501789,77.090799031475
2017-09-01,67.6717632552423,105.873013600573,75.502416918431
2017-10-01,70.0327990135616,110.042662848962,76.0583333333354
2017-11-01,68.3120393120375,108.97806267806,76.3060733613971
2017-12-01,68.5711479435217,109.97345635202,76.1030704394923
2018-01-01,67.9032336790744,110.333192389003,75.4405260011975
2018-02-01,68.056951219514,110.793380281687,75.9384248210001
2018-03-01,68.7429268292664,110.55,76.2822792362791
2018-04-01,74.8369604863222,116.325822253325,75.7078571428592
2018-05-01,75.7006695069994,117.112605042018,75.8746126340903
2018-06-01,76.7134756097581,117.032260321904,75.8025104602533
2018-07-01,75.7992053789711,118.148316970544,76.3670059880239
2018-08-01,69.4250459277384,113.142275280899,76.5767846430735
2018-09-01,68.6575535168177,113.408829712685,77.2423606950246
2018-10-01,67.8438339438339,110.268649405179,76.6812200956917
2018-11-01,69.7191931540342,113.006657323056,77.0327741162349
2018-12-01,70.888379204891,114.876718092564,76.8871702637913
2019-01-01,71.7176077717042,116.544103279829,76.922843545511
2019-02-01,71.8360289680124,116.474618585301,77.0687388987543
2019-03-01,69.0490066225146,113.982734806631,76.742266824083
2019-04-01,76.7036769138035,120.687370600414,76.7259456264752
2019-05-01,77.5658052884615,122.123747426218,76.5167452830165
2019-06-01,77.3262492474393,123.416632302402,76.8351447135242
2019-07-01,76.9830222757352,123.357898351647,78.0343768458334
2019-08-01,69.5666266506603,115.026095890412,79.7613529411765
2019-09-01,68.6934131736507,114.4060875513,79.5179577464764
2019-10-01,70.3856545128491,113.942554644808,80.1440538957261
2019-11-01,71.6138221153867,115.128689087165,80.1403415783291
2019-12-01,72.1992801439733,118.299451303156,80.3734861845989
2020-01-01,75.0691431995229,121.927260273969,83.1560517038789
2020-02-01,77.8118847539039,124.820944558518,85.7952830188686
2020-03-01,82.6678271308549,127.428767123284,86.9988803771367
2020-04-01,90.2581730769202,134.34101508916,88.2327433628322
2020-05-01,90.9801204819249,135.094234728891,88.8151389710234
2020-06-01,91.8408926417341,135.739396019214,89.8512137359386
2020-07-01,92.4784077201418,136.546291208788,90.3644970414202
2020-08-01,87.8120627261768,132.317433081675,91.5406619385313
2020-09-01,87.6501503307249,132.526657552973,90.8186800235681
2020-10-01,88.0978978978951,133.127477785373,90.5601060695374
2020-11-01,91.0106778644272,133.902730375423,89.7754561506798
2020-12-01,89.0501200480164,130.334128065393,89.5109540636072
2021-01-01,90.8707082833135,133.404155313348,89.0649381261049
2021-02-01,88.6914714714687,131.045844686649,88.6803655660406
2021-03-01,89.2158558558587,131.65054421769,88.1746462264155
2021-04-01,91.9318536292771,134.244021739133,88.5812720848028
2021-05-01,91.3919808497907,133.761668928083,90.1377203290276
2021-06-01,90.8058542413381,133.021641791048,91.4742957746478
2021-07-01,87.5734925373135,129.904206241523,94.0584164222869
2021-08-01,89.6164572112535,127.136931432451,96.5830787309017
2021-09-01,87.8222155688617,126.392396469793,97.2840094062285
2021-10-01,88.1078443113773,126.466350067839,96.455790711347
2021-11-01,87.3937649880069,125.343945578229,95.1041789287847
2021-12-01,87.2352659892436,124.718046132972,95.6642982971258
2022-01-01,89.3343096234338,126.440569877881,98.3741935483903
2022-02-01,87.5575866188764,124.334711864403,98.0399413489745
2022-03-01,91.7221492537313,128.854976303314,99.2844665885123
2022-04-01,97.3705741626763,134.126626016264,100.642840375584
2022-05-01,97.7988656716425,134.359106296544,101.833040421794
2022-06-01,98.2206075044701,134.980270270268,101.670344424989
2022-07-01,100.25430778372,135.558474004055,102.707925407924
2022-08-01,98.3901600474215,133.423398516524,103.155406976743
2022-09-01,92.2561757719686,124.490209318025,104.221782178218
2022-10-01,91.2942959001783,123.068403247634,105.750757575756
2022-11-01,95.6193932183229,126.505348679758,107.984314868807
2022-12-01,101.132282996434,132.282849426061,110.780524781338
2023-01-01,102.651415984893,133.947353563864,113.515346534657
2023-02-01,104.463436123348,135.047847565275,112.980259900988
2023-03-01,106.167126725219,136.232816901411,111.416234567901
2023-04-01,110.9932106599,140.609517045455,110.097751405375
2023-05-01,111.920152091255,141.258156028366,110.372863381157
2023-06-01,113.326641414145,140.865109695686,113.75500310752
2023-07-01,115.051732829238,139.013568904594,114.931055900619
2023-08-01,107.305047318612,120.994680851064,116.084835301427
2023-09-01,102.940994962214,120.39363507779,117.78237119801
2023-10-01,103.573595505617,120.430014025245,116.833661538465
2023-11-01,110.1799501868,123.835599159076,117.84739103745
2023-12-01,116.775776397516,128.82271138365,120.568156766684
2024-01-01,116.509591584156,127.832800555942,123.362804871948
2024-02-01,112.506512204131,124.221634954193,123.490173053156
2024-03-01,118.819151590767,132.366175438599,124.295879452641
2024-04-01,127.179226444164,140.100280694737,124.521784615388
2024-05-01,125.51567162935,138.08002802383,124.899632127526
2024-06-01,125.715226848971,139.350665732308,125.439583333336
2024-07-01,126.129244114,140.444584206845,125.873121563833
2024-08-01,120.925802469139,133.490257480865,125.081054235226
2024-09-01,119.928421052632,131.910405027936,126.967970660143
2024-10-01,121.018988902586,131.888317100137,127.331771150338
2024-11-01,121.054064039411,133.981236970118,127.59422843256
2024-12-01,122.432228360958,134.301525658804,128.537939393943
2025-01-01,125.402148557394,137.863988912745,133.344296116508
2025-02-01,126.4050245098,138.33856254319,133.274682010906
2025-03-01,127.736196319018,139.825207756229,133.100000000004
2025-04-01,135.879072605251,149.178329882681,134.569662243667
2025-05-01,135.328345498787,148.790433585681,133.921754807688
2025-06-01,133.707306763281,148.340971272226,133.238998211087
2025-07-01,135.538270858525,149.373119015052,134.18352238806
2025-08-01,132.899518072285,148.458543226688,134.801070154574
2025-09-01,125.280192655027,139.722532334925,134.563123515443
2025-10-01,125.534933973586,139.970033898302,134.167594780802
2025-11-01,123.312889688252,137.695466847088,131.983806146568
2025-12-01,125.108004778976,139.090578728126,132.129994107244
2026-01-01,122.949970320471,138.205882352941,130.920070216497
2026-02-01,120.716992303138,135.848803475933,131.008931698778
2026-03-01,116.203305785124,135.255236824546,118.624041811847
2026-04-01,128.426051396024,146.641616964881,126.70206659013
2026-05-01,128.956552532468,148.546276595749,133.061485319512
2026-06-01,130.505910165485,149.029427430089,132.142178447273
