tipo,grupo,outcome,event_time,estimate,se,ci_low,ci_high
precio,anillo,p93,-4,0.0403878887485993,0.0892556167900715,-0.134553120159941,0.215328897657139
precio,anillo,p93,-3,-0.0364562851290099,0.0608526246560675,-0.155727429454902,0.0828148591968824
precio,anillo,p93,-2,0.0477587574980865,0.0608245817956373,-0.0714574228213626,0.166974937817536
precio,anillo,p93,-1,0,0,0,0
precio,anillo,p93,0,-0.211778963508641,0.0754832973776684,-0.359726226368871,-0.0638317006484108
precio,anillo,p93,1,-0.284680882965613,0.0855974793564554,-0.452451942504265,-0.11690982342696
precio,anillo,p93,2,-0.297756041138122,0.0955100253108241,-0.484955690747337,-0.110556391528907
precio,anillo,p93,3,-0.333362268527186,0.110878826177171,-0.550684767834441,-0.116039769219931
precio,anillo,p93,4,-0.449400758542214,0.119691621228021,-0.683996336149135,-0.214805180935293
precio,anillo,p95,-4,0.00651154178100759,0.100095985362845,-0.189676589530169,0.202699673092184
precio,anillo,p95,-3,-0.00392596508366879,0.0761122999222806,-0.153106072931339,0.145254142764001
precio,anillo,p95,-2,0.0630407707020329,0.0605936036895354,-0.0557226925294565,0.181804233933522
precio,anillo,p95,-1,0,0,0,0
precio,anillo,p95,0,-0.257574681684251,0.0756199287513846,-0.405789742036965,-0.109359621331537
precio,anillo,p95,1,-0.347256677844031,0.0886427997799793,-0.52099656541279,-0.173516790275271
precio,anillo,p95,2,-0.229052943472325,0.0995590009517049,-0.424188585337667,-0.0339173016069837
precio,anillo,p95,3,-0.282911985027749,0.117560150963356,-0.513329880915926,-0.0524940891395714
precio,anillo,p95,4,-0.39801661664588,0.139976122091017,-0.672369815944273,-0.123663417347486
precio,anillo,p97,-4,0.00850193677203652,0.130458849292659,-0.247197407841575,0.264201281385648
precio,anillo,p97,-3,-0.0135798761262682,0.0824828233338134,-0.175246209860542,0.148086457608006
precio,anillo,p97,-2,0.0294402643785029,0.0740597343735567,-0.115716814993668,0.174597343750674
precio,anillo,p97,-1,0,0,0,0
precio,anillo,p97,0,-0.21408357978273,0.0573573545412006,-0.326503994683483,-0.101663164881976
precio,anillo,p97,1,-0.282177408568189,0.103478433370703,-0.484995137974766,-0.0793596791616117
precio,anillo,p97,2,-0.10569428000856,0.105382597935612,-0.312244171962359,0.100855611945239
precio,anillo,p97,3,-0.146280715016942,0.112104232116615,-0.366005009965508,0.0734435799316228
precio,anillo,p97,4,-0.204475433309033,0.134255601014261,-0.467616411296985,0.0586655446789192
precio,anillo,pdi,-4,-0.0461550950403943,0.0999427891259835,-0.242042961727322,0.149732771646533
precio,anillo,pdi,-3,0.0174915909318763,0.0764011003880891,-0.132254565828778,0.167237747692531
precio,anillo,pdi,-2,0.0409481728235326,0.0597207072853583,-0.0761044134557698,0.158000759102835
precio,anillo,pdi,-1,0,0,0,0
precio,anillo,pdi,0,-0.345183047642849,0.105079461413128,-0.55113879201258,-0.139227303273117
precio,anillo,pdi,1,-0.346918438492386,0.0993797663622608,-0.541702780562417,-0.152134096422355
precio,anillo,pdi,2,-0.385811817505208,0.108621146436976,-0.598709264521681,-0.172914370488736
precio,anillo,pdi,3,-0.561327097030732,0.12136333646571,-0.799199236503523,-0.323454957557941
precio,anillo,pdi,4,-0.589402660913587,0.150752766376617,-0.884878083011757,-0.293927238815418
precio,lejano,p93,-4,-0.00486569475343956,0.083256187327783,-0.168047821915894,0.158316432409015
precio,lejano,p93,-3,-0.0209611502345328,0.0617283330336385,-0.141948682980464,0.100026382511399
precio,lejano,p93,-2,0.0420402546709027,0.0584010311043579,-0.0724257662936388,0.156506275635444
precio,lejano,p93,-1,0,0,0,0
precio,lejano,p93,0,-0.214393033191763,0.0792937698259913,-0.369808822050706,-0.0589772443328196
precio,lejano,p93,1,-0.277353283666676,0.0870994968491484,-0.448068297491007,-0.106638269842346
precio,lejano,p93,2,-0.291938888735181,0.102331924241526,-0.492509460248573,-0.0913683172217898
precio,lejano,p93,3,-0.301760244605713,0.117627795548473,-0.53231072388072,-0.0712097653307062
precio,lejano,p93,4,-0.371166222882225,0.124400157760921,-0.61499053209363,-0.12734191367082
precio,lejano,p95,-4,-0.0394441500851478,0.0984064838436484,-0.232320858418699,0.153432558248403
precio,lejano,p95,-3,0.0202429537423551,0.0807325841763487,-0.137992911243288,0.178478818727999
precio,lejano,p95,-2,0.0736214232304176,0.06220920114088,-0.0483086110057073,0.195551457466542
precio,lejano,p95,-1,0,0,0,0
precio,lejano,p95,0,-0.260174161363835,0.077349535848498,-0.411779251626891,-0.108569071100779
precio,lejano,p95,1,-0.339161166004209,0.0873572041148509,-0.510381286069316,-0.167941045939101
precio,lejano,p95,2,-0.225258190117954,0.101134781344791,-0.423482361553744,-0.0270340186821645
precio,lejano,p95,3,-0.25296206849377,0.116673456856809,-0.481642043933115,-0.0242820930544246
precio,lejano,p95,4,-0.334070113216237,0.138542018485109,-0.60561246944705,-0.062527756985424
precio,lejano,p97,-4,-0.0161435792305246,0.109258273376917,-0.230289795049283,0.198002636588234
precio,lejano,p97,-3,0.017759787701259,0.0903145788948776,-0.159256786932701,0.194776362335219
precio,lejano,p97,-2,0.050441049452588,0.0780741293174665,-0.102584244009646,0.203466342914822
precio,lejano,p97,-1,0,0,0,0
precio,lejano,p97,0,-0.251477628393936,0.0662098439028093,-0.381248922443443,-0.12170633434443
precio,lejano,p97,1,-0.304167466317037,0.10550409074358,-0.510955484174455,-0.0973794484596196
precio,lejano,p97,2,-0.119987038952708,0.109328176629615,-0.334270265146753,0.0942961872413375
precio,lejano,p97,3,-0.1265603324003,0.116863887386297,-0.355613551677442,0.102492886876843
precio,lejano,p97,4,-0.183047949054377,0.150955588810909,-0.478920903123759,0.112825005015006
precio,lejano,pdi,-4,-0.0207522335517598,0.111799393068538,-0.239879043966095,0.198374576862576
precio,lejano,pdi,-3,0.050881326892129,0.0831772514123222,-0.112146085876022,0.213908739660281
precio,lejano,pdi,-2,0.0623306291543831,0.0596883786228742,-0.0546585929464504,0.179319851255216
precio,lejano,pdi,-1,0,0,0,0
precio,lejano,pdi,0,-0.372820309127017,0.103489467701386,-0.575659665821734,-0.1699809524323
precio,lejano,pdi,1,-0.372265882610767,0.0971405552900891,-0.562661370979342,-0.181870394242193
precio,lejano,pdi,2,-0.415974122457486,0.108187690994614,-0.62802199680693,-0.203926248108042
precio,lejano,pdi,3,-0.585926211465153,0.120565845232061,-0.822235268119993,-0.349617154810313
precio,lejano,pdi,4,-0.5867210730439,0.14991706894214,-0.880558528170495,-0.292883617917304
precio,nunca,p93,-4,0.0194763222969857,0.0841288197030806,-0.145416164321052,0.184368808915024
precio,nunca,p93,-3,-0.0293346223993554,0.0594680858904208,-0.14589207074458,0.0872228259458693
precio,nunca,p93,-2,0.0440472987037629,0.0590428142026739,-0.0716766171334779,0.159771214541004
precio,nunca,p93,-1,0,0,0,0
precio,nunca,p93,0,-0.222431956570853,0.0758960877287389,-0.371188288519181,-0.0736756246225251
precio,nunca,p93,1,-0.291181965503571,0.0834768141022817,-0.454796521144043,-0.127567409863099
precio,nunca,p93,2,-0.300967242076973,0.0933399179995108,-0.483913481356014,-0.118021002797932
precio,nunca,p93,3,-0.3212177596134,0.107624883787256,-0.532162531836422,-0.110272987390378
precio,nunca,p93,4,-0.413516037465675,0.118359196702617,-0.645500063002805,-0.181532011928545
precio,nunca,p95,-4,-0.00828771407061363,0.0979639805647986,-0.200297115977619,0.183721687836392
precio,nunca,p95,-3,0.00707978704521173,0.0743369554404347,-0.13862064561804,0.152780219708464
precio,nunca,p95,-2,0.0633138949341305,0.0595039857261218,-0.0533139170890684,0.179941706957329
precio,nunca,p95,-1,0,0,0,0
precio,nunca,p95,0,-0.26412709111395,0.076093185817948,-0.413269735317128,-0.114984446910772
precio,nunca,p95,1,-0.347147962338421,0.0854801634033773,-0.51468908260904,-0.179606842067802
precio,nunca,p95,2,-0.229311019157962,0.0943289601778029,-0.414195781106455,-0.044426257209468
precio,nunca,p95,3,-0.270625318851299,0.111506479998088,-0.489178019647552,-0.0520726180550464
precio,nunca,p95,4,-0.357185193639516,0.132524944993261,-0.616934085826308,-0.0974363014527239
precio,nunca,p97,-4,0.000723212451985352,0.124886990553359,-0.244055289032597,0.245501713936568
precio,nunca,p97,-3,-0.00447176373890547,0.0814179519379884,-0.164050949537363,0.155107422059552
precio,nunca,p97,-2,0.032864268339287,0.0727201187931003,-0.109667164495189,0.175395701173764
precio,nunca,p97,-1,0,0,0,0
precio,nunca,p97,0,-0.236065388842567,0.0593634573358191,-0.352417765220772,-0.119713012464361
precio,nunca,p97,1,-0.296423965471402,0.102746337537669,-0.497806787045233,-0.0950411438975703
precio,nunca,p97,2,-0.120676465201414,0.10413331391283,-0.32477776047056,0.0834248300677319
precio,nunca,p97,3,-0.148912826175178,0.109282161108942,-0.363105861948703,0.0652802095983484
precio,nunca,p97,4,-0.199313283077611,0.129349961650175,-0.452839207911953,0.0542126417567311
precio,nunca,pdi,-4,-0.0439375726890953,0.1032234311737,-0.246255497789547,0.158380352411357
precio,nunca,pdi,-3,0.0257949124196571,0.0761358740970012,-0.123431400810465,0.175021225649779
precio,nunca,pdi,-2,0.0466919855424089,0.0576180407689196,-0.0662393743646735,0.159623345449491
precio,nunca,pdi,-1,0,0,0,0
precio,nunca,pdi,0,-0.366062680777795,0.10374094666238,-0.56939493623606,-0.162730425319529
precio,nunca,pdi,1,-0.362861564873778,0.0966756225134406,-0.552345785000122,-0.173377344747435
precio,nunca,pdi,2,-0.398637266233037,0.104605057918637,-0.603663179753565,-0.193611352712509
precio,nunca,pdi,3,-0.574455225255904,0.118163109901441,-0.806054920662729,-0.342855529849079
precio,nunca,pdi,4,-0.581961194790412,0.143531464157485,-0.863282864539082,-0.300639525041741
margen,anillo,m93,-4,-0.940493922039405,1.06342915770156,-3.02481507113446,1.14382722705565
margen,anillo,m93,-3,0.189591050147653,0.721968474568895,-1.22546716000738,1.60464926030269
margen,anillo,m93,-2,0.53771292756684,0.594295711456468,-0.627106666887837,1.70253252202152
margen,anillo,m93,-1,0,0,0,0
margen,anillo,m93,0,-2.06864494803103,0.610177494289081,-3.26459283683762,-0.872697059224429
margen,anillo,m93,1,-2.71966515209978,0.731246115766808,-4.15290753900273,-1.28642276519684
margen,anillo,m93,2,-2.9328378678939,0.821783274608713,-4.54353308612698,-1.32214264966082
margen,anillo,m93,3,-3.26237990974205,0.947655704108295,-5.11978508979431,-1.4049747296898
margen,anillo,m93,4,-4.17814677955867,1.22280120551598,-6.57483714236998,-1.78145641674736
margen,anillo,m97,-4,-0.444343564623022,1.35469675840641,-3.09954921109959,2.21086208185354
margen,anillo,m97,-3,1.17368270736282,0.833026612116281,-0.459049452385095,2.80641486711073
margen,anillo,m97,-2,0.983818951542003,0.720861051186697,-0.429068708783923,2.39670661186793
margen,anillo,m97,-1,0,0,0,0
margen,anillo,m97,0,-2.09541279566535,0.553635652534459,-3.18053867463289,-1.01028691669781
margen,anillo,m97,1,-2.61321832283619,0.914514482154704,-4.40566670785941,-0.820769937812975
margen,anillo,m97,2,-1.4065990656083,1.04178188977469,-3.44849156956669,0.635293438350087
margen,anillo,m97,3,-1.511306117048,1.12943105499415,-3.72499098483653,0.702378750740528
margen,anillo,m97,4,-2.34624952465712,1.41033927861545,-5.11051451074339,0.418015461429154
margen,anillo,mdi,-4,-0.664348304667301,0.882240256970623,-2.39353920832972,1.06484259899512
margen,anillo,mdi,-3,0.503314164923582,0.664384830045211,-0.798880101965032,1.8055084318122
margen,anillo,mdi,-2,0.604890697419532,0.416453127410139,-0.211357432304341,1.4211388271434
margen,anillo,mdi,-1,0,0,0,0
margen,anillo,mdi,0,-2.71510457318326,0.634664016097569,-3.95904604473449,-1.47116310163202
margen,anillo,mdi,1,-2.91328774695695,0.654027687541595,-4.19518201453847,-1.63139347937542
margen,anillo,mdi,2,-3.13035438224616,0.684604707832798,-4.47217960959845,-1.78852915489388
margen,anillo,mdi,3,-4.35854911983692,0.785294800883212,-5.89772692956802,-2.81937131010583
margen,anillo,mdi,4,-4.64726582788118,1.04751058613871,-6.70038657671306,-2.5941450790493
margen,lejano,m93,-4,-0.561955314324601,1.03606626718374,-2.59264519800474,1.46873456935554
margen,lejano,m93,-3,0.298943290981769,0.728849339174421,-1.1296014138001,1.72748799576363
margen,lejano,m93,-2,0.488770266164391,0.590040346712613,-0.667708813392331,1.64524934572111
margen,lejano,m93,-1,0,0,0,0
margen,lejano,m93,0,-2.10920714890338,0.654519210039741,-3.39206480058127,-0.826349497225491
margen,lejano,m93,1,-2.87269195352393,0.765955655673679,-4.37396503864434,-1.37141886840352
margen,lejano,m93,2,-3.16736958484139,0.877280781571727,-4.88683991672198,-1.4478992529608
margen,lejano,m93,3,-3.36583138474899,1.03236696048158,-5.38927062729288,-1.3423921422051
margen,lejano,m93,4,-4.80908380345647,1.22175162611987,-7.20371699065141,-2.41445061626152
margen,lejano,m97,-4,-0.186177477586023,1.1710456705386,-2.48142699184168,2.10907203666963
margen,lejano,m97,-3,1.53242190544132,0.833177338519399,-0.100605678056705,3.16544948893934
margen,lejano,m97,-2,1.23536132441401,0.723687206953506,-0.183065601214857,2.65378825004289
margen,lejano,m97,-1,0,0,0,0
margen,lejano,m97,0,-2.32444293628402,0.587872444673297,-3.47667292784368,-1.17221294472436
margen,lejano,m97,1,-2.82106336768857,0.924800278757851,-4.63367191405396,-1.00845482132318
margen,lejano,m97,2,-1.50881726092851,1.05004208048746,-3.56689973868392,0.549265216826911
margen,lejano,m97,3,-1.30832244462797,1.1190134969474,-3.50158889864487,0.884944009388926
margen,lejano,m97,4,-2.42780486096759,1.29190490135957,-4.95993846763235,0.104328745697164
margen,lejano,mdi,-4,-0.573218681733341,0.86640495856309,-2.271372400517,1.12493503705032
margen,lejano,mdi,-3,0.454345644054419,0.693684454942898,-0.905275887633661,1.8139671757425
margen,lejano,mdi,-2,0.562265916360565,0.427977372415524,-0.276569733573863,1.40110156629499
margen,lejano,mdi,-1,0,0,0,0
margen,lejano,mdi,0,-2.70481175103222,0.633332969118055,-3.94614437050361,-1.46347913156083
margen,lejano,mdi,1,-2.98411065239372,0.658105588941268,-4.2739976067186,-1.69422369806883
margen,lejano,mdi,2,-3.31743634060588,0.690813524735094,-4.67143084908667,-1.9634418321251
margen,lejano,mdi,3,-4.56297292279702,0.800720194458902,-6.13238450393647,-2.99356134165757
margen,lejano,mdi,4,-5.37570316635338,1.00394661665439,-7.34343853499599,-3.40796779771077
margen,nunca,m93,-4,-0.728046478150996,0.953980829291935,-2.59784890356319,1.1417559472612
margen,nunca,m93,-3,0.22774222733273,0.707930561405844,-1.15980167302272,1.61528612768818
margen,nunca,m93,-2,0.469105793623582,0.58990842895279,-0.687114727123888,1.62532631437105
margen,nunca,m93,-1,0,0,0,0
margen,nunca,m93,0,-2.19201480371932,0.621326811817993,-3.40981535488259,-0.974214252556058
margen,nunca,m93,1,-2.89650747178941,0.724132750108236,-4.31580766200155,-1.47720728157727
margen,nunca,m93,2,-3.12530112580726,0.801104497704354,-4.6954659413078,-1.55513631030673
margen,nunca,m93,3,-3.36618805423593,0.920366694648666,-5.17010677574732,-1.56226933272455
margen,nunca,m93,4,-4.57276610432337,1.20391763808717,-6.93244467497421,-2.21308753367252
margen,nunca,m97,-4,-0.311527232983459,1.23938053603849,-2.74071308361891,2.11765861765199
margen,nunca,m97,-3,1.28398972553243,0.82128015496742,-0.325719378203715,2.89369882926857
margen,nunca,m97,-2,1.04836142692823,0.705905787628345,-0.335213916823325,2.43193677067979
margen,nunca,m97,-1,0,0,0,0
margen,nunca,m97,0,-2.23632146838318,0.554841811468017,-3.3238114188605,-1.14883151790587
margen,nunca,m97,1,-2.75499462622142,0.909324190804017,-4.53727004019729,-0.972719212245543
margen,nunca,m97,2,-1.52755648436086,1.00852437563474,-3.50426426060496,0.449151291883241
margen,nunca,m97,3,-1.50460560825653,1.09036307299569,-3.64171723132809,0.632506014815026
margen,nunca,m97,4,-2.43386228999918,1.31544235452403,-5.01212930486628,0.144404724867925
margen,nunca,mdi,-4,-0.718348009600112,0.829478569737012,-2.34412600628466,0.907429987084431
margen,nunca,mdi,-3,0.415113430318984,0.662583503768889,-0.883550237068039,1.71377709770601
margen,nunca,mdi,-2,0.525552894380215,0.41619597687877,-0.290191220302174,1.3412970090626
margen,nunca,mdi,-1,0,0,0,0
margen,nunca,mdi,0,-2.73785731069295,0.630970267812496,-3.97455903560544,-1.50115558578046
margen,nunca,mdi,1,-2.9270377127658,0.647170561764692,-4.19549201382459,-1.658583411707
margen,nunca,mdi,2,-3.18874489162203,0.665122949785353,-4.49238587320132,-1.88510391004274
margen,nunca,mdi,3,-4.41936967642923,0.763921675667957,-5.91665616073842,-2.92208319212003
margen,nunca,mdi,4,-4.92252079332612,0.999565644720388,-6.88166945697808,-2.96337212967416
