horizon,group,estimate,se,dimension,ci_low,ci_high
0,pooled,0.559509921484535,0.00665750876711955,pooled,0.546461204300981,0.57255863866809
1,pooled,0.618800368638077,0.00623690639736311,pooled,0.606576032099245,0.631024705176909
2,pooled,0.638171454664723,0.00593930863095246,pooled,0.626530409748057,0.64981249958139
3,pooled,0.648916257744701,0.00576651473281445,pooled,0.637613888868385,0.660218626621017
4,pooled,0.658291351332025,0.00559951574577163,pooled,0.647316300470313,0.669266402193738
5,pooled,0.663744963979781,0.00548292213646299,pooled,0.652998436592314,0.674491491367248
6,pooled,0.667131743513501,0.0054177474350207,pooled,0.65651295854086,0.677750528486141
7,pooled,0.669041624212115,0.00529418746808877,pooled,0.658665016774661,0.679418231649569
8,pooled,0.67128103925693,0.00521609203267862,pooled,0.66105749887288,0.68150457964098
9,pooled,0.668289963480528,0.00529554633145633,pooled,0.657910692670873,0.678669234290182
10,pooled,0.671570842758015,0.00522214706658618,pooled,0.661335434507506,0.681806251008524
11,pooled,0.67405475079183,0.00519594163911518,pooled,0.663870705179164,0.684238796404496
12,pooled,0.653633801838625,0.00574537687816573,pooled,0.64237286315742,0.66489474051983
13,pooled,0.656786677745903,0.00566238406123109,pooled,0.64568840498589,0.667884950505916
14,pooled,0.659164709412087,0.0055780916138701,pooled,0.648231649848901,0.670097768975272
15,pooled,0.66954958409934,0.00515275973276591,pooled,0.659450175023118,0.679648993175561
16,pooled,0.683281183841177,0.0050333368564721,pooled,0.673415843602492,0.693146524079863
17,pooled,0.693549376446905,0.00468435127860193,pooled,0.684368047940845,0.702730704952965
18,pooled,0.690469642896917,0.00522460807910761,pooled,0.680229411061866,0.700709874731968
19,pooled,0.680070319478161,0.00499086938174673,pooled,0.670288215489938,0.689852423466385
20,pooled,0.669307606555625,0.00546402240055082,pooled,0.658598122650545,0.680017090460704
21,pooled,0.678161063360835,0.00509876544205075,pooled,0.668167483094415,0.688154643627254
22,pooled,0.674672907194146,0.0051504246927695,pooled,0.664578074796318,0.684767739591975
23,pooled,0.674158234272279,0.00510775574943268,pooled,0.664147033003391,0.684169435541167
24,pooled,0.668568725296966,0.00511637386668324,pooled,0.658540632518267,0.678596818075665
25,pooled,0.675054698318156,0.00507687657561873,pooled,0.665104020229943,0.685005376406368
26,pooled,0.678186074267141,0.00512284774298869,pooled,0.668145292690883,0.688226855843399
0,93,0.582574913507156,0.00676650300639583,combustible,0.56931256761462,0.595837259399692
1,93,0.649061954179306,0.0063704178807339,combustible,0.636575935133067,0.661547973225544
2,93,0.672653832373857,0.00590903757954714,combustible,0.661072118717944,0.684235546029769
3,93,0.686083877162759,0.00571630125781414,combustible,0.674879926697443,0.697287827628074
4,93,0.696451357284992,0.0056106455165845,combustible,0.685454492072486,0.707448222497498
5,93,0.700881815858335,0.00553050682096007,combustible,0.690042022489254,0.711721609227417
6,93,0.703329879076796,0.00536294824226716,combustible,0.692818500521952,0.71384125763164
7,93,0.701835466346048,0.00524451075362327,combustible,0.691556225268946,0.712114707423149
8,93,0.701747393240982,0.00523416490837013,combustible,0.691488430020576,0.712006356461387
9,93,0.70499374663138,0.00517366067434796,combustible,0.694853371709657,0.715134121553102
10,93,0.705259174468559,0.00516386819399256,combustible,0.695137992808333,0.715380356128784
11,93,0.705904937818742,0.00511779702254887,combustible,0.695874055654547,0.715935819982938
12,93,0.687640846469871,0.00574073698625905,combustible,0.676389001976803,0.698892690962939
13,93,0.69075323631961,0.00573666762638158,combustible,0.679509367771902,0.701997104867317
14,93,0.691161574277881,0.00564801211400601,combustible,0.680091470534429,0.702231678021333
15,93,0.693164918420326,0.00564262325931395,combustible,0.68210537683207,0.704224460008581
16,93,0.706933451268024,0.00535697264640461,combustible,0.696433784881071,0.717433117654977
17,93,0.717100855186556,0.00507824500450194,combustible,0.707147494977733,0.72705421539538
18,93,0.722496721544891,0.00561102710001965,combustible,0.711499108428853,0.73349433466093
19,93,0.70092596913027,0.0053277858426655,combustible,0.690483508878645,0.711368429381894
20,93,0.690958520247774,0.00561901732312348,combustible,0.679945246294452,0.701971794201096
21,93,0.693989892216203,0.00520823555470185,combustible,0.683781750528987,0.704198033903419
22,93,0.691276657862721,0.00517983360000737,combustible,0.681124184006707,0.701429131718736
23,93,0.684539192509479,0.00527819835665088,combustible,0.674193923730443,0.694884461288515
24,93,0.68089673763582,0.0051765726319404,combustible,0.670750655277217,0.691042819994424
25,93,0.686855257010838,0.00533580326889048,combustible,0.676397082603812,0.697313431417863
26,93,0.690549532465535,0.005514727734862,combustible,0.679740666105205,0.701358398825864
0,97,0.575925680373582,0.0071366771582834,combustible,0.561937793143347,0.589913567603817
1,97,0.629978786286596,0.00676478033863654,combustible,0.616719816822869,0.643237755750324
2,97,0.647983201598672,0.00645020124952573,combustible,0.635340807149601,0.660625596047742
3,97,0.659319043538909,0.00626794855094891,combustible,0.647033864379049,0.671604222698769
4,97,0.665100232956477,0.00613447404843983,combustible,0.653076663821535,0.677123802091419
5,97,0.668090110792728,0.00601937796389312,combustible,0.656292129983498,0.679888091601959
6,97,0.670223038664661,0.00590466631019301,combustible,0.658649892696683,0.68179618463264
7,97,0.669324249889947,0.00575943164917899,combustible,0.658035763857557,0.680612735922338
8,97,0.671302274117996,0.00568416148334197,combustible,0.660161317610645,0.682443230625346
9,97,0.676614369914928,0.00556685153288162,combustible,0.66570334091048,0.687525398919376
10,97,0.67516144980628,0.00554416983634207,combustible,0.66429487692705,0.68602802268551
11,97,0.675382814206333,0.00557741717005596,combustible,0.664451076553023,0.686314551859642
12,97,0.666059768533135,0.00606348116919337,combustible,0.654175345441515,0.677944191624753
13,97,0.66590340700241,0.00620337859662199,combustible,0.653744784953031,0.678062029051789
14,97,0.664833244482844,0.00608708676825168,combustible,0.652902554417071,0.676763934548617
15,97,0.664426821583034,0.00594657312271605,combustible,0.65277153826251,0.676082104903557
16,97,0.676514355327582,0.00568536955630477,combustible,0.665371030997225,0.687657679657939
17,97,0.693815246394365,0.00548003852409793,combustible,0.683074370887133,0.704556121901597
18,97,0.687832878139651,0.00599757888447421,combustible,0.676077623526081,0.69958813275322
19,97,0.660482413948326,0.00568660526861257,combustible,0.649336667621846,0.671628160274807
20,97,0.650828501169045,0.0059596015870487,combustible,0.63914768205843,0.662509320279661
21,97,0.660405527061416,0.0052620031972114,combustible,0.650092000794882,0.670719053327951
22,97,0.659790611482877,0.00539868617232518,combustible,0.64920918658512,0.670372036380635
23,97,0.654657794286821,0.00539038344291908,combustible,0.644092642738699,0.665222945834942
24,97,0.663899901705891,0.00524054304097073,combustible,0.653628437345588,0.674171366066193
25,97,0.665501061311578,0.00556543439881718,combustible,0.654592809889896,0.676409312733259
26,97,0.662670504141743,0.00570316977569942,combustible,0.651492291381372,0.673848716902114
0,di,0.547196696655512,0.00678770321022453,combustible,0.533892798363472,0.560500594947552
1,di,0.604154859070809,0.00636209264896553,combustible,0.591685157478837,0.616624560662782
2,di,0.622682820955104,0.00606255108497768,combustible,0.610800220828547,0.63456542108166
3,di,0.631128397196515,0.00588766331405221,combustible,0.619588577100973,0.642668217292057
4,di,0.642097743387887,0.00567472421554571,combustible,0.630975283925418,0.653220202850357
5,di,0.64813441265626,0.00553715717593555,combustible,0.637281584591426,0.658987240721093
6,di,0.65057986838501,0.00551625014129067,combustible,0.639768018108081,0.66139171866194
7,di,0.654158653725207,0.00538441099298865,combustible,0.643605208178949,0.664712099271465
8,di,0.657247881766526,0.00529084675506954,combustible,0.646877822126589,0.667617941406462
9,di,0.650371296632848,0.00544876351055749,combustible,0.639691720152156,0.661050873113541
10,di,0.655960265193563,0.00535303264756789,combustible,0.64546832120433,0.666452209182796
11,di,0.65928376879798,0.00530040977788253,combustible,0.64889496563333,0.66967257196263
12,di,0.63512223191665,0.00594883289641805,combustible,0.623462519439671,0.64678194439363
13,di,0.640150494394994,0.00578189338591393,combustible,0.628817983358602,0.651483005431385
14,di,0.644279751885234,0.00571908035711636,combustible,0.633070354385286,0.655489149385182
15,di,0.667687601267681,0.00491213022441915,combustible,0.65805982602782,0.677315376507543
16,di,0.681816931394394,0.00501396365125893,combustible,0.671989562637926,0.691644300150862
17,di,0.686534015406707,0.00456330083887634,combustible,0.677589945762509,0.695478085050904
18,di,0.680833760819718,0.00509416883548072,combustible,0.670849189902176,0.69081833173726
19,di,0.687890271740881,0.00484831530283889,combustible,0.678387573747317,0.697392969734445
20,di,0.668811059412484,0.00563793780345289,combustible,0.657760701317717,0.679861417507252
21,di,0.688429255315459,0.00525326448678939,combustible,0.678132856921352,0.698725653709566
22,di,0.67654785595812,0.00541815947960212,combustible,0.6659282633781,0.68716744853814
23,di,0.685958940058704,0.00520719955386746,combustible,0.675752828933124,0.696165051184284
24,di,0.667949184509304,0.00551324671211603,combustible,0.657143220953557,0.678755148065052
25,di,0.679248169888516,0.00512622639497699,combustible,0.669200766154361,0.689295573622671
26,di,0.685435783540934,0.00499732444691494,combustible,0.675641027624981,0.695230539456887
0,aramco_petrobras,0.552516252775253,0.0124042076444311,marca,0.528204005792168,0.576828499758338
1,aramco_petrobras,0.626370218243666,0.0116025305450406,marca,0.603629258375386,0.649111178111945
2,aramco_petrobras,0.647409644814267,0.0106943752470704,marca,0.626448669330009,0.668370620298525
3,aramco_petrobras,0.66423583831636,0.0101052465938047,marca,0.644429554992503,0.684042121640217
4,aramco_petrobras,0.674985852732871,0.00941721869813221,marca,0.656528104084532,0.69344360138121
5,aramco_petrobras,0.678929910114321,0.00941265626018592,marca,0.660481103844357,0.697378716384285
6,aramco_petrobras,0.68332711723842,0.00928844075043644,marca,0.665121773367565,0.701532461109276
7,aramco_petrobras,0.683121386277406,0.00911934095577085,marca,0.665247478004095,0.700995294550717
8,aramco_petrobras,0.68380072038811,0.00895873151540928,marca,0.666241606617907,0.701359834158312
9,aramco_petrobras,0.686045076028423,0.00903952758136696,marca,0.668327601968944,0.703762550087902
10,aramco_petrobras,0.689359545658639,0.00884824683993749,marca,0.672016981852362,0.706702109464917
11,aramco_petrobras,0.689418367847501,0.00879356153284874,marca,0.672182987243118,0.706653748451885
12,aramco_petrobras,0.683727694626083,0.0101914336450139,marca,0.663752484681856,0.70370290457031
13,aramco_petrobras,0.686776415208751,0.0100347105724437,marca,0.667108382486762,0.706444447930741
14,aramco_petrobras,0.686612139762169,0.00987242712946941,marca,0.667262182588409,0.705962096935929
15,aramco_petrobras,0.691726007151672,0.00908574774987832,marca,0.67391794156191,0.709534072741433
16,aramco_petrobras,0.705843233076284,0.00876925030889115,marca,0.688655502470857,0.72303096368171
17,aramco_petrobras,0.717478615168756,0.00798636632635882,marca,0.701825337169093,0.733131893168419
18,aramco_petrobras,0.711297047587133,0.00937062100077253,marca,0.692930630425619,0.729663464748647
19,aramco_petrobras,0.704408361612242,0.00867270828682285,marca,0.68740985337007,0.721406869854415
20,aramco_petrobras,0.687252367571212,0.0097602717635973,marca,0.668122234914561,0.706382500227863
21,aramco_petrobras,0.699361253191592,0.00882969755720615,marca,0.682055045979468,0.716667460403716
22,aramco_petrobras,0.696826398915099,0.00871784891876538,marca,0.679739415034319,0.713913382795879
23,aramco_petrobras,0.691485976223018,0.00884230281365218,marca,0.67415506270826,0.708816889737776
24,aramco_petrobras,0.685922605344434,0.00886675617970702,marca,0.668543763232209,0.70330144745666
25,aramco_petrobras,0.699897543222835,0.00874626995287427,marca,0.682754854115201,0.717040232330469
26,aramco_petrobras,0.699362740859166,0.00880217967056881,marca,0.682110468704851,0.716615013013481
0,copec,0.68620485827277,0.0110091131017291,marca,0.664626996593381,0.707782719952159
1,copec,0.73251595889794,0.00970238606492563,marca,0.713499282210686,0.751532635585194
2,copec,0.7455884509576,0.00893651916781119,marca,0.72807287338869,0.76310402852651
3,copec,0.753935955110437,0.00827923894640945,marca,0.737708646775474,0.770163263445399
4,copec,0.759643992483816,0.00802898141654177,marca,0.743907188907394,0.775380796060238
5,copec,0.763055284906173,0.00783223229094117,marca,0.747704109615928,0.778406460196418
6,copec,0.76546004764425,0.00770794858925232,marca,0.750352468409315,0.780567626879184
7,copec,0.765947642929624,0.0075129664317751,marca,0.751222228723345,0.780673057135904
8,copec,0.76669039892467,0.00738747602869143,marca,0.752210945908435,0.781169851940906
9,copec,0.763898054742873,0.00749301326203541,marca,0.749211748749283,0.778584360736462
10,copec,0.766293449524906,0.00738683228528229,marca,0.751815258245753,0.78077164080406
11,copec,0.76741684515241,0.0073350676490922,marca,0.753040112560189,0.78179357774463
12,copec,0.757459944836792,0.00833520355713088,marca,0.741122945864816,0.773796943808768
13,copec,0.759009561928738,0.00809419005475787,marca,0.743144949421412,0.774874174436063
14,copec,0.759436799291107,0.00795071636933047,marca,0.74385339520722,0.775020203374995
15,copec,0.760838625102033,0.00732763069362561,marca,0.746476468942527,0.775200781261539
16,copec,0.773669690666643,0.00706028135102372,marca,0.759831539218637,0.787507842114649
17,copec,0.778163550976378,0.00633547166926444,marca,0.76574602650462,0.790581075448136
18,copec,0.782679905236995,0.00755928502691905,marca,0.767863706584233,0.797496103889756
19,copec,0.765692701263438,0.0071844066682841,marca,0.751611264193601,0.779774138333275
20,copec,0.760354147604444,0.00807391851655117,marca,0.744529267312003,0.776179027896884
21,copec,0.7676492100175,0.0071071883503088,marca,0.753719120850895,0.781579299184105
22,copec,0.764139206557564,0.00741870693384815,marca,0.749598540967222,0.778679872147907
23,copec,0.763223958607316,0.00732130495225546,marca,0.748874200900896,0.777573716313737
24,copec,0.75686528169481,0.00729929183567692,marca,0.742558669696883,0.771171893692736
25,copec,0.762413212143539,0.00723146419099178,marca,0.748239542329195,0.776586881957883
26,copec,0.766590797768164,0.0072501064727322,marca,0.752380589081609,0.780801006454719
0,independiente,0.669595470098736,0.0189932759861499,marca,0.632368649165882,0.70682229103159
1,independiente,0.770041007558756,0.0138747638389732,marca,0.742846470434369,0.797235544683144
2,independiente,0.794644208039565,0.0116973143356699,marca,0.771717471941652,0.817570944137478
3,independiente,0.80844595123291,0.0103295407614672,marca,0.788200051340434,0.828691851125386
4,independiente,0.822314210563503,0.00924076025980277,marca,0.80420232045429,0.840426100672717
5,independiente,0.82858730591499,0.00841467857557454,marca,0.812094535906864,0.845080075923116
6,independiente,0.834014132167648,0.00793754641861035,marca,0.818456541187171,0.849571723148124
7,independiente,0.832939613103803,0.00770566828137962,marca,0.817836503272299,0.848042722935307
8,independiente,0.835799547913608,0.00723270865324928,marca,0.821623438953239,0.849975656873976
9,independiente,0.835982603258385,0.00774766798064919,marca,0.820797174016313,0.851168032500458
10,independiente,0.836201008234886,0.00768736132054873,marca,0.82113378004661,0.851268236423161
11,independiente,0.838949265691993,0.00755848280675336,marca,0.824134639390756,0.85376389199323
12,independiente,0.82801255018847,0.00978772370442463,marca,0.808828611727798,0.847196488649142
13,independiente,0.829228890851891,0.00891399438006842,marca,0.811757461866957,0.846700319836825
14,independiente,0.831282715891774,0.00875981823021649,marca,0.81411347216055,0.848451959622999
15,independiente,0.825114545237369,0.00844297390437523,marca,0.808566316384794,0.841662774089945
16,independiente,0.834996636636646,0.00816794075224404,marca,0.818987472762248,0.851005800511044
17,independiente,0.830935523270891,0.0082368860158713,marca,0.814791226679783,0.847079819861999
18,independiente,0.853039119717074,0.00851909092081444,marca,0.836341701512277,0.86973653792187
19,independiente,0.839389079671325,0.00822755298895891,marca,0.823263075812966,0.855515083529685
20,independiente,0.853303952902395,0.00908953594157409,marca,0.83548846245691,0.871119443347881
21,independiente,0.83931263196424,0.00881430684504704,marca,0.822036590547947,0.856588673380532
22,independiente,0.840662924347138,0.00906096788294971,marca,0.822903427296557,0.85842242139772
23,independiente,0.839369733671959,0.00873179373909792,marca,0.822255417943327,0.856484049400591
24,independiente,0.839635829174613,0.00913732811789092,marca,0.821726666063547,0.857544992285679
25,independiente,0.840234280248796,0.00871865449425333,marca,0.82314571744006,0.857322843057533
26,independiente,0.846333418334892,0.0086905111379148,marca,0.829300016504579,0.863366820165205
0,shell,0.418568026513806,0.00793507993905189,marca,0.403015269833264,0.434120783194348
1,shell,0.462023452758085,0.00764442389910084,marca,0.447040381915848,0.477006523600323
2,shell,0.481751107582915,0.00758131853148294,marca,0.466891723261208,0.496610491904621
3,shell,0.489419962190943,0.00747576558738689,marca,0.474767461639664,0.504072462742221
4,shell,0.498879012254136,0.00727996448432327,marca,0.484610281864863,0.51314774264341
5,shell,0.506417251825761,0.00713016828623956,marca,0.492442121984731,0.52039238166679
6,shell,0.509872858045011,0.00702107254372587,marca,0.496111555859308,0.523634160230714
7,shell,0.515402707256282,0.00685831572246711,marca,0.501960408440247,0.528845006072318
8,shell,0.519501116852579,0.00678508144652238,marca,0.506202357217395,0.532799876487763
9,shell,0.513286837262644,0.00682790481742928,marca,0.499904143820482,0.526669530704805
10,shell,0.518313060723235,0.00675833468374486,marca,0.505066724743095,0.531559396703375
11,shell,0.523795149804701,0.0068194706117111,marca,0.510428987405747,0.537161312203655
12,shell,0.485976025994415,0.00687381981174127,marca,0.472503339163402,0.499448712825427
13,shell,0.489529662030226,0.00688582536990177,marca,0.476033444305218,0.503025879755233
14,shell,0.494870558081405,0.00682378152937794,marca,0.481495946283824,0.508245169878986
15,shell,0.51823017329743,0.0066386668812347,marca,0.50521838621021,0.53124196038465
16,shell,0.532912024647865,0.00642978774702783,marca,0.52030964066369,0.545514408632039
17,shell,0.551466486342484,0.00608512315909552,marca,0.539539644950657,0.563393327734312
18,shell,0.536822953903228,0.00670273487341035,marca,0.523685593551344,0.549960314255112
19,shell,0.53097634308042,0.00633452678123426,marca,0.518560670589201,0.543392015571639
20,shell,0.513139751611568,0.00685350549525508,marca,0.499706880840868,0.526572622382268
21,shell,0.526551427779005,0.00644921945107414,marca,0.5139109576549,0.53919189790311
22,shell,0.521913301008072,0.00645904854393565,marca,0.509253565861958,0.534573036154186
23,shell,0.524591598662482,0.00638667099315546,marca,0.512073723515897,0.537109473809066
24,shell,0.517682945453181,0.00632509735147626,marca,0.505285754644287,0.530080136262074
25,shell,0.522433871527902,0.00627145866803692,marca,0.51014181253855,0.534725930517255
26,shell,0.524800259181317,0.00646175110379119,marca,0.512135227017886,0.537465291344748
0,baja,0.621847166066963,0.0105051354146146,competidores_2km,0.601257100654318,0.642437231479607
1,baja,0.68257953476134,0.00946336188932852,competidores_2km,0.664031345458256,0.701127724064424
2,baja,0.697470222226876,0.00889202822372537,competidores_2km,0.680041846908374,0.714898597545377
3,baja,0.708712405099544,0.00854422895104358,competidores_2km,0.691965716355498,0.725459093843589
4,baja,0.718260903286931,0.00819853409741278,competidores_2km,0.702191776456002,0.73433003011786
5,baja,0.723266434695954,0.00800367450992992,competidores_2km,0.707579232656492,0.738953636735417
6,baja,0.724637975943076,0.00794604530293742,competidores_2km,0.709063727149318,0.740212224736833
7,baja,0.72486658626896,0.00776573638092629,competidores_2km,0.709645742962344,0.740087429575576
8,baja,0.72625113094603,0.00763913449862769,competidores_2km,0.711278427328719,0.74122383456334
9,baja,0.725369284255506,0.00778685813405942,competidores_2km,0.71010704231275,0.740631526198263
10,baja,0.727836004046616,0.00763923587892889,competidores_2km,0.712863101723916,0.742808906369317
11,baja,0.729233101440768,0.00761812017898374,competidores_2km,0.71430158588996,0.744164616991576
12,baja,0.71386099899289,0.00854987149409303,competidores_2km,0.697103250864467,0.730618747121312
13,baja,0.714866100930466,0.0083734121799775,competidores_2km,0.69845421305771,0.731277988803222
14,baja,0.716038698340484,0.00823965723351705,competidores_2km,0.699888970162791,0.732188426518178
15,baja,0.721680687432419,0.00750708605288004,competidores_2km,0.706966798768774,0.736394576096064
16,baja,0.733550858079983,0.00734485931204714,competidores_2km,0.719154933828371,0.747946782331595
17,baja,0.737452473824563,0.00681669278377016,competidores_2km,0.724091755968374,0.750813191680753
18,baja,0.743760781556153,0.0078053935092586,competidores_2km,0.728462210278006,0.7590593528343
19,baja,0.72982191185262,0.00738645118541326,competidores_2km,0.71534446752921,0.74429935617603
20,baja,0.72386882611244,0.00822741210372018,competidores_2km,0.707743098389149,0.739994553835732
21,baja,0.725590687484029,0.00770164871527099,competidores_2km,0.710495456002098,0.74068591896596
22,baja,0.725019642559334,0.0077211114202106,competidores_2km,0.709886264175722,0.740153020942947
23,baja,0.723633910156393,0.0076754431120415,competidores_2km,0.708590041656792,0.738677778655994
24,baja,0.718968336936856,0.00770312005350747,competidores_2km,0.703870221631981,0.73406645224173
25,baja,0.72289455562865,0.00762370925900111,competidores_2km,0.707952085481007,0.737837025776292
26,baja,0.729899016502156,0.00763237855394692,competidores_2km,0.71493955453642,0.744858478467892
0,media,0.544383617319949,0.0104703945033793,competidores_2km,0.523861644093326,0.564905590546572
1,media,0.604235715373305,0.0100363751600194,competidores_2km,0.584564420059667,0.623907010686943
2,media,0.623369807547064,0.00966973939435495,competidores_2km,0.604417118334128,0.64232249676
3,media,0.632728257888475,0.00940057316161333,competidores_2km,0.614303134491713,0.651153381285237
4,media,0.640483243143881,0.0091663074570012,competidores_2km,0.622517280528159,0.658449205759604
5,media,0.647444490616741,0.00899104537416014,competidores_2km,0.629822041683387,0.665066939550095
6,media,0.650848979371353,0.00890934595651111,competidores_2km,0.633386661296591,0.668311297446115
7,media,0.653118231419034,0.00870893336678849,competidores_2km,0.636048722020129,0.670187740817939
8,media,0.655363939828921,0.00859215873197443,competidores_2km,0.638523308714251,0.672204570943591
9,media,0.650554602126192,0.00867046242992929,competidores_2km,0.63356049576353,0.667548708488853
10,media,0.654122661742355,0.0085906768002355,competidores_2km,0.637284935213894,0.670960388270817
11,media,0.656811079644367,0.00855857155301752,competidores_2km,0.640036279400452,0.673585879888281
12,media,0.634575523144792,0.00955181060726484,competidores_2km,0.615853974354553,0.653297071935031
13,media,0.640030299709775,0.00942259404969717,competidores_2km,0.621562015372368,0.658498584047181
14,media,0.641897483573325,0.00934942081879138,competidores_2km,0.623572618768494,0.660222348378156
15,media,0.653805453071721,0.00867061858303859,competidores_2km,0.636811040648965,0.670799865494476
16,media,0.667885655684283,0.00847715669368411,competidores_2km,0.651270428564662,0.684500882803904
17,media,0.682405973495746,0.00796946342051421,competidores_2km,0.666785825191538,0.698026121799953
18,media,0.675922484066288,0.00874094599862392,competidores_2km,0.658790229908985,0.693054738223591
19,media,0.663710601522372,0.0084113935781298,competidores_2km,0.647224270109238,0.680196932935506
20,media,0.652312508866866,0.00907716854492496,competidores_2km,0.634521258518813,0.670103759214919
21,media,0.664913143494231,0.00847694576277723,competidores_2km,0.648298329799188,0.681527957189274
22,media,0.659271733388541,0.00852566059458972,competidores_2km,0.642561438623146,0.675982028153937
23,media,0.659707809309994,0.00849883880709523,competidores_2km,0.643050085248088,0.676365533371901
24,media,0.649923704987074,0.00855953469456949,competidores_2km,0.633147016985718,0.666700392988431
25,media,0.659589851932142,0.00848427290924651,competidores_2km,0.642960677030019,0.676219026834265
26,media,0.661581542118082,0.0085756355994494,competidores_2km,0.644773296343161,0.678389787893003
0,alta,0.511201599010677,0.0124351686062477,competidores_2km,0.486828668542431,0.535574529478922
1,alta,0.567349575422181,0.0115914805304897,competidores_2km,0.544630273582421,0.590068877261941
2,alta,0.592081373615374,0.0111091695329842,competidores_2km,0.570307401330725,0.613855345900023
3,alta,0.603191022705466,0.0108589922321373,competidores_2km,0.581907397930477,0.624474647480455
4,alta,0.613858110992673,0.0105618695734598,competidores_2km,0.593156846628692,0.634559375356654
5,alta,0.617732554834512,0.0103468546889986,competidores_2km,0.597452719644075,0.638012390024949
6,alta,0.623673031812672,0.0101889899182107,competidores_2km,0.603702611572979,0.643643452052365
7,alta,0.627024281607212,0.00995032324710291,competidores_2km,0.60752164804289,0.646526915171533
8,alta,0.630014898017563,0.00980344698368996,competidores_2km,0.610800141929531,0.649229654105595
9,alta,0.626799464268968,0.00995849364351267,competidores_2km,0.607280816727683,0.646318111810253
10,alta,0.630605765620618,0.009822690991764,competidores_2km,0.611353291276761,0.649858239964476
11,alta,0.634258678800399,0.00976863247567585,competidores_2km,0.615112159148075,0.653405198452724
12,alta,0.61078776232809,0.0105725881925696,competidores_2km,0.590065489470654,0.631510035185527
13,alta,0.613459488114893,0.0104611903415134,competidores_2km,0.592955555045527,0.633963421184259
14,alta,0.617803881108768,0.0103045520966468,competidores_2km,0.59760695899934,0.638000803218195
15,alta,0.63052952137378,0.009666584803923,competidores_2km,0.611583015158091,0.649476027589469
16,alta,0.645740590612458,0.00943287421846845,competidores_2km,0.62725215714426,0.664229024080656
17,alta,0.65814048356085,0.00877968814963609,competidores_2km,0.640932294787564,0.675348672334137
18,alta,0.649085917916097,0.00965096486343744,competidores_2km,0.63017002678376,0.668001809048435
19,alta,0.644321366923832,0.00927406519560172,competidores_2km,0.626144199140452,0.662498534707211
20,alta,0.628872532975566,0.0101552958380725,competidores_2km,0.608968153132944,0.648776912818188
21,alta,0.6409154436797,0.00953653463306395,competidores_2km,0.622223835798894,0.659607051560505
22,alta,0.636852710966048,0.00967469782905159,competidores_2km,0.617890303221107,0.655815118710989
23,alta,0.635874547353695,0.00955262262898901,competidores_2km,0.617151407000876,0.654597687706513
24,alta,0.633567824378418,0.0095575809233179,competidores_2km,0.614834965768714,0.652300682988121
25,alta,0.639164121184818,0.00952150734695176,competidores_2km,0.620501966784792,0.657826275584843
26,alta,0.639020838616839,0.00961834299445969,competidores_2km,0.620168886347698,0.65787279088598
0,carretera,0.531049909257464,0.0174365114078366,carretera,0.496874346898105,0.565225471616824
1,carretera,0.602355596623074,0.0165893926580941,carretera,0.569840387013209,0.634870806232938
2,carretera,0.619065867228705,0.0159862168567158,carretera,0.587732882189542,0.650398852267868
3,carretera,0.627860158180172,0.0158290405382384,carretera,0.596835238725225,0.658885077635119
4,carretera,0.634902812584382,0.0154339823279438,carretera,0.604652207221612,0.665153417947152
5,carretera,0.644460162532433,0.0150757680744744,carretera,0.614911657106464,0.674008667958403
6,carretera,0.646845326004955,0.01486102673211,carretera,0.61771771361002,0.675972938399891
7,carretera,0.649432370103377,0.0145922952999711,carretera,0.620831471315433,0.67803326889132
8,carretera,0.653384712845016,0.0143495200789918,carretera,0.625259653490192,0.68150977219984
9,carretera,0.650146230382526,0.0145536011462297,carretera,0.621621172135916,0.678671288629136
10,carretera,0.653673537605336,0.014283627537395,carretera,0.625677627632041,0.68166944757863
11,carretera,0.655417239894726,0.014325616742273,carretera,0.627339031079871,0.683495448709581
12,carretera,0.633062550709984,0.0153407553831785,carretera,0.602994670158954,0.663130431261013
13,carretera,0.638502963943636,0.0152195718197651,carretera,0.608672603176896,0.668333324710375
14,carretera,0.638893231953209,0.0150132708838602,carretera,0.609467221020843,0.668319242885574
15,carretera,0.652635351398069,0.0141575396038049,carretera,0.624886573774611,0.680384129021526
16,carretera,0.667729775521815,0.0136033279942513,carretera,0.641067252653083,0.694392298390548
17,carretera,0.679372836065576,0.0128785570371689,carretera,0.654130864272725,0.704614807858427
18,carretera,0.668867825382046,0.0139425382789578,carretera,0.641540450355289,0.696195200408804
19,carretera,0.662948038778226,0.0137005151081584,carretera,0.636095029166235,0.689801048390216
20,carretera,0.64836493305525,0.0145109701826509,carretera,0.619923431497254,0.676806434613246
21,carretera,0.660379811211624,0.0140208788714306,carretera,0.63289888862362,0.687860733799628
22,carretera,0.652649937966665,0.0137351833308177,carretera,0.625728978638262,0.679570897295067
23,carretera,0.654751300859161,0.0138172618225306,carretera,0.627669467687001,0.681833134031321
24,carretera,0.647893992315416,0.0137794899966869,carretera,0.62088619192191,0.674901792708923
25,carretera,0.659470167138986,0.0138170754288418,carretera,0.632388699298457,0.686551634979516
26,carretera,0.660509061400572,0.0138318817072595,carretera,0.633398573254344,0.687619549546801
0,no_carretera,0.562207012731774,0.00732541390881907,carretera,0.547849201470489,0.576564823993059
1,no_carretera,0.618506257550017,0.00691066045439318,carretera,0.604961363059407,0.632051152040628
2,no_carretera,0.636831262923212,0.00660120273400655,carretera,0.623892905564559,0.649769620281865
3,no_carretera,0.647162765123461,0.00640109690409501,carretera,0.634616615191435,0.659708915055487
4,no_carretera,0.656550958376181,0.0062166786431468,carretera,0.644366268235614,0.668735648516749
5,no_carretera,0.661184192253214,0.00609529439591302,carretera,0.649237415237224,0.673130969269203
6,no_carretera,0.664638694393201,0.00603140128377888,carretera,0.652817147876994,0.676460240909408
7,no_carretera,0.666564114871616,0.00589437070513846,carretera,0.655011148289545,0.678117081453688
8,no_carretera,0.668598776455755,0.00580804894838652,carretera,0.657215000516917,0.679982552394592
9,no_carretera,0.665525564381318,0.00590039438548427,carretera,0.653960791385769,0.677090337376867
10,no_carretera,0.668500773240287,0.00582278561971718,carretera,0.657088113425641,0.679913433054932
11,no_carretera,0.670886810248114,0.00578188124880313,carretera,0.65955432300046,0.682219297495768
12,no_carretera,0.650136502613439,0.00641911552141029,carretera,0.637555036191475,0.662717969035403
13,no_carretera,0.652839272179354,0.00634068595001239,carretera,0.640411527717329,0.665267016641378
14,no_carretera,0.655480286493768,0.00625319188213002,carretera,0.643224030404793,0.667736542582742
15,no_carretera,0.666028517776838,0.00576913335117636,carretera,0.654721016408533,0.677336019145144
16,no_carretera,0.6804662501101,0.00563117013682986,carretera,0.669429156641914,0.691503343578287
17,no_carretera,0.690621774772992,0.00523586269133491,carretera,0.680359483897975,0.700884065648008
18,no_carretera,0.687863166132925,0.0058639509615197,carretera,0.676369822248347,0.699356510017504
19,no_carretera,0.677065364944295,0.00558003803157238,carretera,0.666128490402413,0.688002239486176
20,no_carretera,0.665936664111942,0.00609172584824576,carretera,0.653996881449381,0.677876446774504
21,no_carretera,0.675044987886904,0.00565277977808852,carretera,0.66396553952185,0.686124436251957
22,no_carretera,0.672576027418002,0.0057254534485159,carretera,0.661354138658911,0.683797916177093
23,no_carretera,0.671885284259712,0.00566500794550314,carretera,0.660781868686526,0.682988699832898
24,no_carretera,0.666621297258235,0.00568344934788974,carretera,0.655481736536371,0.677760857980099
25,no_carretera,0.671991678819755,0.00562782038045178,carretera,0.66096115087407,0.683022206765441
26,no_carretera,0.675116441164224,0.0056881354946473,carretera,0.663967695594715,0.686265186733733
0,centro,0.559386879561451,0.00834253791500276,macrozona,0.543035505248046,0.575738253874857
1,centro,0.619260018149262,0.00776707851384774,macrozona,0.604036544262121,0.634483492036404
2,centro,0.641377615947669,0.0073646403434845,macrozona,0.626942920874439,0.655812311020898
3,centro,0.651951574526361,0.00718646693441461,macrozona,0.637866099334908,0.666037049717813
4,centro,0.662128273648191,0.00695060029291242,macrozona,0.648505097074082,0.675751450222299
5,centro,0.667467283048515,0.00679063050000831,macrozona,0.654157647268499,0.680776918828531
6,centro,0.671333621554158,0.00671066047875391,macrozona,0.6581807270158,0.684486516092515
7,centro,0.673594280477705,0.00655557292345707,macrozona,0.660745357547729,0.686443203407681
8,centro,0.676323405612071,0.00646413515261337,macrozona,0.663653700712949,0.688993110511194
9,centro,0.673125326009935,0.00658410685854363,macrozona,0.66022047656719,0.686030175452681
10,centro,0.675418896938639,0.00648824545112473,macrozona,0.662701935854434,0.688135858022843
11,centro,0.677796534131534,0.00645175162853231,macrozona,0.66515110093961,0.690441967323457
12,centro,0.658350236761874,0.00707850037184431,macrozona,0.644476376033059,0.672224097490689
13,centro,0.661248959584085,0.00700716560020225,macrozona,0.647514915007689,0.674983004160481
14,centro,0.664766801445777,0.00690044024110511,macrozona,0.65124193857321,0.678291664318343
15,centro,0.676240765503338,0.00636533675768264,macrozona,0.66376470545828,0.688716825548396
16,centro,0.688076717652867,0.00622200894173831,macrozona,0.67588158012706,0.700271855178674
17,centro,0.700165801960645,0.00580250441306181,macrozona,0.688792893311044,0.711538710610246
18,centro,0.696027244521458,0.00646976226638117,macrozona,0.683346510479351,0.708707978563565
19,centro,0.688247094419797,0.00614693609396542,macrozona,0.676199099675625,0.700295089163969
20,centro,0.677842804991017,0.0067403952367793,macrozona,0.66463163032693,0.691053979655105
21,centro,0.687934975307301,0.00629033976612261,macrozona,0.675605909365701,0.700264041248902
22,centro,0.683597750251914,0.00635786228743032,macrozona,0.671136340168551,0.696059160335277
23,centro,0.684216890475868,0.00630703322970515,macrozona,0.671855105345646,0.69657867560609
24,centro,0.67837438278164,0.00631126818052836,macrozona,0.666004297147804,0.690744468415475
25,centro,0.684593784992605,0.00624810948200878,macrozona,0.672347490407867,0.696840079577342
26,centro,0.686841722726793,0.00632607467583652,macrozona,0.674442616362153,0.699240829091432
0,norte,0.571887454604187,0.0171068964205969,macrozona,0.538357937619818,0.605416971588557
1,norte,0.622261727326876,0.016313792648765,macrozona,0.590286693735297,0.654236760918455
2,norte,0.63511541127164,0.0159280430375615,macrozona,0.603896446918019,0.666334375625261
3,norte,0.640430324871165,0.0155768812066565,macrozona,0.609899637706119,0.670961012036212
4,norte,0.646910134220144,0.015282358282796,macrozona,0.616956711985864,0.676863556454424
5,norte,0.65587039217924,0.0148970221317483,macrozona,0.626672228801014,0.685068555557467
6,norte,0.65825169407059,0.0147831614041529,macrozona,0.629276697718451,0.68722669042273
7,norte,0.659490198689221,0.0144104913411851,macrozona,0.631245635660499,0.687734761717944
8,norte,0.658358551198103,0.0141819186201195,macrozona,0.630561990702669,0.686155111693537
9,norte,0.65310906521527,0.0142417733147281,macrozona,0.625195189518403,0.681022940912137
10,norte,0.660791031680474,0.0140942797861447,macrozona,0.63316624329963,0.688415820061317
11,norte,0.663298239936149,0.0140799945965201,macrozona,0.635701450526969,0.690895029345328
12,norte,0.63925782552939,0.015591546658236,macrozona,0.608698394079247,0.669817256979532
13,norte,0.643698719936245,0.0150114310837035,macrozona,0.614276315012186,0.673121124860303
14,norte,0.6444516002669,0.0148297028791983,macrozona,0.615385382623672,0.673517817910129
15,norte,0.653247249436204,0.0140907258421711,macrozona,0.625629426785548,0.680865072086859
16,norte,0.67250809642388,0.0137067407067824,macrozona,0.645642884638587,0.699373308209174
17,norte,0.675124069425368,0.0125976111664338,macrozona,0.650432751539157,0.699815387311578
18,norte,0.674443234234346,0.0143247434230665,macrozona,0.646366737125136,0.702519731343556
19,norte,0.65672827880571,0.0134824176762755,macrozona,0.63030274016021,0.68315381745121
20,norte,0.647446613570715,0.0148472110249439,macrozona,0.618346079961825,0.676547147179605
21,norte,0.651505599191369,0.0138754946344723,macrozona,0.624309629707803,0.678701568674934
22,norte,0.650824792282552,0.0139986343749326,macrozona,0.623387468907684,0.67826211565742
23,norte,0.644329687734041,0.0136737257077557,macrozona,0.61752918534684,0.671130190121242
24,norte,0.638522112902323,0.0138133879917966,macrozona,0.611447872438402,0.665596353366245
25,norte,0.646967242717227,0.0138208063793893,macrozona,0.619878462213624,0.67405602322083
26,norte,0.651839811426652,0.013955811886737,macrozona,0.624486420128647,0.679193202724656
0,sur,0.551715356058388,0.0140676600180115,macrozona,0.524142742423086,0.579287969693691
1,sur,0.614749779236873,0.0133566635702305,macrozona,0.588570718639221,0.640928839834525
2,sur,0.629552178456372,0.0126305140450285,macrozona,0.604796370928116,0.654307985984628
3,sur,0.64473491192423,0.0118558099125621,macrozona,0.621497524495608,0.667972299352852
4,sur,0.653230416409076,0.0116047889360962,macrozona,0.630485030094327,0.675975802723825
5,sur,0.656632666309347,0.0115234687034445,macrozona,0.634046667650595,0.679218664968098
6,sur,0.658951458011907,0.011355553874037,macrozona,0.636694572418794,0.68120834360502
7,sur,0.660039173693932,0.0111173233320731,macrozona,0.638249219963069,0.681829127424795
8,sur,0.662745843177036,0.0109098940434216,macrozona,0.64136245085193,0.684129235502143
9,sur,0.661790250161146,0.0110033289366472,macrozona,0.640223725445318,0.683356774876975
10,sur,0.665322918204563,0.0108927336014043,macrozona,0.643973160345811,0.686672676063316
11,sur,0.668190350134501,0.0108323959795408,macrozona,0.646958854014601,0.689421846254401
12,sur,0.646578531598645,0.0124048308700774,macrozona,0.622265063093293,0.670892000103996
13,sur,0.64964416793815,0.0122148977176756,macrozona,0.625702968411506,0.673585367464794
14,sur,0.649426351923271,0.01199012655571,macrozona,0.625925703874079,0.672926999972462
15,sur,0.656717804016915,0.0108851925698223,macrozona,0.635382826580063,0.678052781453766
16,sur,0.673515761481094,0.0106768246118294,macrozona,0.652589185241908,0.69444233772028
17,sur,0.682271337055307,0.00986710145289212,macrozona,0.662931818207638,0.701610855902975
18,sur,0.681342190740854,0.0109508369569017,macrozona,0.659878550305326,0.702805831176381
19,sur,0.666082253600342,0.0107370285123496,macrozona,0.645037677716137,0.687126829484548
20,sur,0.652916690100039,0.0116889380834754,macrozona,0.630006371456427,0.675827008743651
21,sur,0.660238687722433,0.0108093021466633,macrozona,0.639052455514973,0.681424919929893
22,sur,0.657976052722345,0.01092348999793,macrozona,0.636566012326402,0.679386093118287
23,sur,0.657281683868648,0.010896447064822,macrozona,0.635924647621597,0.678638720115699
24,sur,0.652837475662209,0.0109204156956146,macrozona,0.631433460898805,0.674241490425614
25,sur,0.659062343275471,0.0108872232379864,macrozona,0.637723385729018,0.680401300821924
26,sur,0.664375322407147,0.0108455741018115,macrozona,0.643117997167596,0.685632647646697
