brand_group_pre,event_week,median_margin,ci_low,ci_high,n_stations,baseline,d_median,d_low,d_high
aramco_petrobras,-13,142.525,120.675,169.25,156,132.81875,9.70624999999995,-12.1437500000001,36.43125
aramco_petrobras,-12,138.7,104.7,163.7,243,132.81875,5.88125000000002,-28.11875,30.88125
aramco_petrobras,-10,132.9,101.6,162.65,224,132.81875,0.0812499999999545,-31.2187500000001,29.83125
aramco_petrobras,-9,136,103.9,161.4,252,132.81875,3.18124999999998,-28.9187499999999,28.5812500000001
aramco_petrobras,-7,159.9,145.55,170.8,118,132.81875,27.0812500000001,12.7312499999999,37.9812499999999
aramco_petrobras,-6,135.8,104,159.025,255,132.81875,2.98124999999993,-28.81875,26.20625
aramco_petrobras,-3,132.25,100.8,158.5,254,132.81875,-0.568750000000023,-32.0187500000001,25.68125
aramco_petrobras,-2,137.3,114.8,163.8,178,132.81875,4.48125000000005,-18.01875,30.9812499999999
aramco_petrobras,-1,134.1,111.8,160.925,200,132.81875,1.28125000000006,-21.01875,28.1062500000001
aramco_petrobras,0,135.5,102.5,163.45,275,132.81875,2.68124999999998,-30.31875,30.63125
aramco_petrobras,1,155.95,131.95,179.95,195,132.81875,23.13125,-0.868749999999977,47.13125
aramco_petrobras,4,172.3,130.2,184.1,125,132.81875,39.4812499999999,-2.61875000000009,51.2812499999999
aramco_petrobras,-5,138.95,112.55,156.725,82,132.81875,6.13124999999997,-20.2687500000001,23.9062499999999
aramco_petrobras,6,140.35,107.25,165.4,256,132.81875,7.53125000000006,-25.5687499999999,32.5812500000001
aramco_petrobras,9,135.9,103.775,161.4,264,132.81875,3.08125000000007,-29.0437499999999,28.5812500000001
aramco_petrobras,10,162.4,113.9,194.5,109,132.81875,29.5812500000001,-18.9187499999999,61.68125
aramco_petrobras,3,140.1,107.65,170.95,267,132.81875,7.28124999999989,-25.1687500000001,38.1312499999999
aramco_petrobras,12,140.95,108.85,174.5,272,132.81875,8.13125000000002,-23.9687499999999,41.68125
aramco_petrobras,-8,142.45,117.45,164.95,161,132.81875,9.63125000000002,-15.36875,32.13125
aramco_petrobras,13,173.7,156.8,192.8,117,132.81875,40.88125,23.9812499999999,59.9812499999999
aramco_petrobras,14,174.8,162.775,192.5,87,132.81875,41.9812499999999,29.95625,59.68125
aramco_petrobras,-4,127.625,103.025,162.775,122,132.81875,-5.19375000000002,-29.79375,29.95625
aramco_petrobras,7,155.8,120.4,174.4,45,132.81875,22.98125,-12.4187499999999,41.5812500000001
aramco_petrobras,8,124.3,100.1,158.15,30,132.81875,-8.51874999999996,-32.7187499999999,25.3312500000001
aramco_petrobras,-14,137.8,100.75,171.8,53,132.81875,4.98124999999993,-32.06875,38.9812499999999
aramco_petrobras,-11,123.65,105.15,160.4249975,43,132.81875,-9.16875000000005,-27.66875,27.6062475
aramco_petrobras,5,164.8,103.1,183.6,30,132.81875,31.9812499999999,-29.7187500000001,50.7812499999999
aramco_petrobras,11,143.45,109.725,163.65,32,132.81875,10.63125,-23.09375,30.8312500000001
aramco_petrobras,2,167.25,130.5,189.4,66,132.81875,34.43125,-2.31875000000002,56.5812500000001
copec,-12,130.7,107.7,160.1,521,128.2125,2.48750000000004,-20.5125,31.8874999999999
copec,-9,129.85,104.8,159.8,546,128.2125,1.63750000000002,-23.4125000000001,31.5875
copec,-6,126.1,104.1,152.95,631,128.2125,-2.11249999999998,-24.1125,24.7375
copec,-3,124.8,103.8,153.7,649,128.2125,-3.41250000000005,-24.4125000000001,25.4875
copec,-2,130.7,112.3,160.9,493,128.2125,2.48750000000004,-15.9124999999999,32.6875000000001
copec,0,128.475,104.5,159.5,638,128.2125,0.262500000000017,-23.7125,31.2875
copec,3,131.3,108.1,165.075,642,128.2125,3.08749999999995,-20.1125000000001,36.8624999999999
copec,4,176.2,163.25,187.1,202,128.2125,47.9874999999999,35.0374999999999,58.8874999999999
copec,12,134.8,108.9,167.9,605,128.2125,6.58749999999995,-19.3124999999999,39.6875000000001
copec,-10,129.625,100.825,159.6375,514,128.2125,1.41249999999994,-27.3875,31.425
copec,6,123.4,101.4,158.475,607,128.2125,-4.81249999999992,-26.8124999999999,30.2625000000001
copec,-1,129.7,111.3,161.3,488,128.2125,1.48750000000004,-16.9124999999999,33.0875000000001
copec,9,124.4,100.4,156.4,545,128.2125,-3.81249999999991,-27.8124999999999,28.1875000000001
copec,11,57.275,28.0999999999999,96.6999999999999,126,128.2125,-70.9375,-100.1125,-31.5125000000001
copec,-4,127.65,112.15,158.8,389,128.2125,-0.562500000000028,-16.0625,30.5875
copec,10,183.25,102.4,195.1,173,128.2125,55.0375,-25.8124999999999,66.8874999999999
copec,13,182.15,166.8125,195.25,206,128.2125,53.9375,38.6,67.0375
copec,-11,123.65,98.7,161.6,85,128.2125,-4.56250000000003,-29.5125,33.3874999999999
copec,8,83.4000000000001,47.4000000000001,123.8,153,128.2125,-44.8124999999999,-80.8124999999999,-4.41249999999994
copec,-5,114.575,85.375,139.9375,90,128.2125,-13.6375,-42.8375,11.725
copec,-8,135.95,117.7,161.45,418,128.2125,7.73750000000004,-10.5125,33.2375
copec,-7,156.35,141.85,170.8,229,128.2125,28.1375,13.6375,42.5874999999999
copec,1,148.95,130.95,177.7375,464,128.2125,20.7375,2.73750000000004,49.525
copec,2,162.4,132.5,197.5,117,128.2125,34.1875000000001,4.28749999999999,69.2875
copec,14,175.5,157.5,191.5,199,128.2125,47.2875,29.2875,63.2875
copec,5,97.8499999999999,64.2249999999999,131.4,104,128.2125,-30.3625000000001,-63.9875000000001,3.18749999999991
copec,-14,130.75,104.8,172.7,77,128.2125,2.53749999999999,-23.4125000000001,44.4875
copec,7,113.4,99.3000000000001,149.05,57,128.2125,-14.8124999999999,-28.9124999999999,20.8375000000001
copec,-13,127.475,113.125,140.75,336,128.2125,-0.737499999999983,-15.0875,12.5375
independiente,-12,115.65,96.0375,139.8125,196,115.81875,-0.16875000000006,-19.78125,23.99375
independiente,-10,132.7,100.6,148.6,65,115.81875,16.88125,-15.2187500000001,32.7812499999999
independiente,-9,113,96.0125000000001,137.9,206,115.81875,-2.81875000000004,-19.80625,22.0812500000001
independiente,-8,107.95,96.6250000000001,138.675,83,115.81875,-7.86874999999999,-19.19375,22.85625
independiente,-7,122,97.9000000000001,149.8,51,115.81875,6.18124999999996,-17.9187499999999,33.9812499999999
independiente,-6,117.8,96.05,139.15,199,115.81875,1.98124999999997,-19.76875,23.33125
independiente,-3,112.225,95.1375,138.4,216,115.81875,-3.59375000000001,-20.6812500000001,22.58125
independiente,-2,118.25,97.7,140.0125,116,115.81875,2.43125000000002,-18.11875,24.19375
independiente,-1,130.3,95.7000000000001,178.85,143,115.81875,14.48125,-20.11875,63.03125
independiente,0,117.75,98.5,142.5,204,115.81875,1.93124999999996,-17.31875,26.68125
independiente,1,130,111.725,153.725,139,115.81875,14.18125,-4.09375000000001,37.90625
independiente,2,127.5,102.25,147,59,115.81875,11.68125,-13.56875,31.18125
independiente,3,118.7,101.2,145.2,205,115.81875,2.8812499999999,-14.6187500000001,29.3812499999999
independiente,4,113.2,98.6999999999999,149.1,41,115.81875,-2.61875000000011,-17.1187500000001,33.2812499999999
independiente,10,107.5,97.4000000000001,130.5,33,115.81875,-8.31875000000004,-18.4187499999999,14.68125
independiente,12,119.2,103.7,144.125,218,115.81875,3.38125000000001,-12.11875,28.30625
independiente,13,112.2,99.2000000000001,151.325,38,115.81875,-3.61874999999999,-16.61875,35.50625
independiente,14,147.6,103.475,156.325,14,115.81875,31.78125,-12.34375,40.50625
independiente,6,113.4,97.4000000000001,140.4375,200,115.81875,-2.41874999999995,-18.4187499999999,24.6187500000001
independiente,9,115.4,97.4000000000001,144.4,213,115.81875,-0.418749999999946,-18.4187499999999,28.5812500000001
independiente,-14,102.7,89.9625,119.8,30,115.81875,-13.11875,-25.85625,3.98124999999992
independiente,7,100.25,96.5750000000001,123.225,20,115.81875,-15.56875,-19.24375,7.40625000000004
independiente,5,112.1,98.0499999999999,133.225,52,115.81875,-3.71875000000013,-17.7687500000001,17.4062499999999
independiente,-4,102.5,92.75,137.45,66,115.81875,-13.31875,-23.06875,21.63125
independiente,-13,107.7,101.7,127.75,44,115.81875,-8.11874999999999,-14.11875,11.93125
independiente,-11,118.7,92.65,120.4375,32,115.81875,2.88125000000001,-23.1687500000001,4.61874999999999
independiente,-5,91.9,79.45,111.3,32,115.81875,-23.91875,-36.36875,-4.51875000000003
independiente,11,88.9500000000001,58.45,113.575,42,115.81875,-26.86875,-57.3687500000001,-2.24374999999999
independiente,8,96.4000000000001,55.9000000000001,113.75,11,115.81875,-19.4187499999999,-59.91875,-2.06874999999998
shell,-12,124.7,102.45,152.65,439,127.89375,-3.19374999999997,-25.44375,24.75625
shell,-10,136.4,119.65,161.8125,284,127.89375,8.50624999999997,-8.24375000000003,33.91875
shell,-9,124.8,100.9,147.9,445,127.89375,-3.09375000000006,-26.9937499999999,20.0062500000001
shell,-7,152.35,125.7875,163,216,127.89375,24.45625,-2.10625000000002,35.10625
shell,-6,123.95,100.4,145.975,444,127.89375,-3.94374999999999,-27.49375,18.08125
shell,-3,123,99.2375,145.025,444,127.89375,-4.89375000000001,-28.65625,17.1312500000001
shell,-2,129.8,113.175,159.8,304,127.89375,1.90625,-14.7187499999999,31.9062499999999
shell,-1,128.8,112.3,154.8,311,127.89375,0.906250000000057,-15.5937499999999,26.9062500000001
shell,0,125.5,101,151.95,447,127.89375,-2.39375000000001,-26.89375,24.05625
shell,1,145.95,127.425,173.95,335,127.89375,18.05625,-0.468749999999943,46.05625
shell,3,132.45,107.675,160.8,444,127.89375,4.55624999999992,-20.2187500000001,32.9062499999999
shell,6,122.4,100.4,155.4,445,127.89375,-5.49374999999992,-27.4937499999999,27.5062500000001
shell,8,138.05,99.3000000000001,164.7,33,127.89375,10.1562500000001,-28.5937499999999,36.80625
shell,12,131.5,108,159.225,439,127.89375,3.60624999999999,-19.89375,31.33125
shell,13,132.8,86.15,173.5,283,127.89375,4.90624999999994,-41.74375,45.60625
shell,10,178.5,98.325,192.625,103,127.89375,50.60625,-29.56875,64.73125
shell,-14,136.25,118,166.775,283,127.89375,8.35624999999999,-9.89375000000001,38.88125
shell,-13,136.25,120.75,167.75,287,127.89375,8.35624999999999,-7.14375000000001,39.85625
shell,-8,132.925,116.075,157.825,326,127.89375,5.03125,-11.81875,29.93125
shell,2,155.45,125.2,186,167,127.89375,27.55625,-2.69374999999997,58.10625
shell,4,171.6,163.1,183.3,134,127.89375,43.7062499999999,35.2062499999999,55.40625
shell,14,171.5,142.7,178.8,37,127.89375,43.60625,14.80625,50.90625
shell,-4,129.975,112.2375,151.775,254,127.89375,2.08124999999995,-15.65625,23.88125
shell,9,122.4,100.15,153.4,444,127.89375,-5.49374999999992,-27.7437499999999,25.5062500000001
shell,7,127.2,78.6250000000001,157.5625,24,127.89375,-0.693749999999966,-49.26875,29.6687500000001
shell,-5,117.15,97.9,132.15,130,127.89375,-10.74375,-29.99375,4.25624999999997
shell,-11,136.425,127.025,143.3125,46,127.89375,8.53125,-0.868750000000034,15.41875
shell,5,126.2,98.6499999999999,143.075,34,127.89375,-1.69375000000008,-29.2437500000001,15.1812499999999
shell,11,69.4000000000001,26.3999999999999,86.9000000000001,12,127.89375,-58.4937499999999,-101.49375,-40.9937499999999
