outcome,estimador,prob,qtt,se,li_pw,ls_pw,li,ls
p93,Callaway-Li,0.1,-0.273962401708786,0.419118441062202,-1.09541945144727,0.547494648029702,-4.87317323807696,4.32524843465939
p93,Callaway-Li,0.15,-0.503362611558487,0.374753379847258,-1.23786573914377,0.231140516026797,-4.61573190075259,3.60900667763561
p93,Callaway-Li,0.2,-0.323536396467489,0.243063466706519,-0.799932037169716,0.152859244234738,-2.99080182904703,2.34372903611205
p93,Callaway-Li,0.25,-0.456554721232806,0.220068719162721,-0.887881484915598,-0.0252279575500136,-2.87148648933565,1.95837704687004
p93,Callaway-Li,0.3,-0.735432332832033,0.176057918081491,-1.08049951146486,-0.390365154199209,-2.66741003969853,1.19654537403446
p93,Callaway-Li,0.35,-0.359448514241308,0.278789366965352,-0.905865632766118,0.186968604283502,-3.41875335981592,2.6998563313333
p93,Callaway-Li,0.4,-0.483285936528091,0.198170528529341,-0.871693035242866,-0.0948788378133163,-2.65791714567044,1.69134527261426
p93,Callaway-Li,0.45,-0.401323338678594,0.196845828826997,-0.787134073686445,-0.0155126036707431,-2.56141790941746,1.75877123206027
p93,Callaway-Li,0.5,-0.261813651075158,0.225549769070658,-0.703883075174973,0.180255773024657,-2.73689191158089,2.21326460943057
p93,Callaway-Li,0.55,-0.353836876590549,0.472629023025652,-1.28017273976918,0.57249898658808,-5.54024795116094,4.83257419797984
p93,Callaway-Li,0.6,-1.08118988998569,0.690382779879985,-2.43431527409711,0.27193549412572,-8.65712941299698,6.49474963302559
p93,Callaway-Li,0.65,-1.7864962339728,0.653165078234021,-3.06667626327076,-0.506316204674832,-8.95402600941721,5.38103354147161
p93,Callaway-Li,0.7,-0.638329431993043,0.983214526677418,-2.56539449335738,1.28873562937129,-11.427668345616,10.1510094816299
p93,Callaway-Li,0.75,-0.576772461753762,1.99261901588146,-4.48223396779107,3.32868904428355,-22.4428467565739,21.2893018330664
p93,Callaway-Li,0.8,0.0456187242101578,0.949502573815143,-1.81537212369561,1.90660957211592,-10.373780898442,10.4650183468623
p93,Callaway-Li,0.85,-0.849650632945668,0.511448950281592,-1.8520721554284,0.152770889537069,-6.46205353371692,4.76275226782558
p93,Callaway-Li,0.9,-0.82273506726699,0.743285844717169,-2.27954855313107,0.634078418597092,-8.97920821809866,7.33373808356468
p93,Change-in-Changes,0.1,0.200127315287887,0.430778753666413,-0.644183527203335,1.04443815777911,-2.7969221206474,3.19717675122317
p93,Change-in-Changes,0.15,0,0.289721342862927,-0.567843397563917,0.567843397563917,-2.01567319607909,2.01567319607909
p93,Change-in-Changes,0.2,-0.310674746475115,0.341752806255248,-0.980497938350895,0.359148445400665,-2.68834552642669,2.06699603347646
p93,Change-in-Changes,0.25,0.1218450979826,0.245098192624791,-0.358538532237851,0.602228728203052,-1.58337224085516,1.82706243682036
p93,Change-in-Changes,0.3,-0.192261308052139,0.387073122427385,-0.950910687393276,0.566388071288999,-2.88523832551908,2.5007157094148
p93,Change-in-Changes,0.35,-0.509426084806137,0.280988144491178,-1.06015272809158,0.0413005584793091,-2.46433995366403,1.44548778405175
p93,Change-in-Changes,0.4,-0.307577778229643,0.226062244207817,-0.750651635141263,0.135496078681977,-1.88035664841032,1.26520109195104
p93,Change-in-Changes,0.45,-0.115596960472772,0.268817292898245,-0.642469172974887,0.411275252029344,-1.98583477789824,1.7546408569527
p93,Change-in-Changes,0.5,0.128756894347703,0.200453110283435,-0.264123982396866,0.521637771092271,-1.26585199941326,1.52336578810866
p93,Change-in-Changes,0.55,0.0166000117310432,0.164083046601179,-0.304996850080875,0.338196873542962,-1.12497207852905,1.15817210199114
p93,Change-in-Changes,0.6,0.020129710633114,0.135956582667648,-0.246340294856619,0.286599716122847,-0.925758627470254,0.966018048736482
p93,Change-in-Changes,0.65,-0.227913594647816,0.271258986270626,-0.759571438221088,0.303744248925455,-2.11513896236943,1.6593117730738
p93,Change-in-Changes,0.7,1.49627543462236,0.892777045230992,-0.253535420254468,3.24608628949919,-4.71502657842335,7.70757744766807
p93,Change-in-Changes,0.75,0.0790553268005851,1.88295069456334,-3.61146021920824,3.76957087280941,-13.0211643776398,13.179275031241
p93,Change-in-Changes,0.8,-0.719245747532909,1.29256835950667,-3.25263317972201,1.81414168465619,-9.71200883019677,8.27351733513095
p93,Change-in-Changes,0.85,0.12375218105899,0.324484127562624,-0.512225022518654,0.759729384636633,-2.13377552476328,2.38127988688126
p93,Change-in-Changes,0.9,-0.437668191819171,0.5259029067678,-1.46841894844898,0.593082564810643,-4.09652322278411,3.22118683914577
pdi,Callaway-Li,0.1,-0.798111376308611,0.58358230421636,-1.94191167458757,0.34568892197035,-7.58472286225203,5.9885001096348
pdi,Callaway-Li,0.15,-1.81315176907196,0.614059634280278,-3.01668653662115,-0.609617001522783,-8.95419106541724,5.32788752727331
pdi,Callaway-Li,0.2,-0.123338511590873,0.595753145759087,-1.29099322095512,1.04431619777338,-7.05148748489588,6.80481046171413
pdi,Callaway-Li,0.25,-1.48628024163054,0.472305116692691,-2.4119812600622,-0.560579223198877,-6.97882397823448,4.0062634949734
pdi,Callaway-Li,0.3,-1.31956506443544,0.435689580670808,-2.17350095098958,-0.465629177881296,-6.38629839600359,3.74716826713272
pdi,Callaway-Li,0.35,-0.477121445743592,0.3853406997591,-1.23237533904889,0.278132447561706,-4.95833617773969,4.00409328625251
pdi,Callaway-Li,0.4,-0.83451054641273,0.349712461955865,-1.51993437679106,-0.149086716034401,-4.90139638914609,3.23237529632063
pdi,Callaway-Li,0.45,-0.131742501853637,0.316266441160191,-0.751613336046267,0.488128332338993,-3.80967695375306,3.54619195004579
pdi,Callaway-Li,0.5,-0.416864527181019,0.260153470399781,-0.926755959617696,0.0930269052556574,-3.44224846628795,2.60851941192591
pdi,Callaway-Li,0.55,-0.122773201877067,0.354670465268589,-0.817914540183565,0.572368136429432,-4.24731679397392,4.00177039021979
pdi,Callaway-Li,0.6,-0.618458452037316,0.526064302647171,-1.64952553877795,0.412608634703317,-6.73618000201508,5.49926309794045
pdi,Callaway-Li,0.65,-1.30216339965705,0.556411782239657,-2.39271045342052,-0.211616345893577,-7.77280269933998,5.16847590002589
pdi,Callaway-Li,0.7,-0.607881635508761,2.34744091805228,-5.20878129072687,3.99301801970935,-27.9068065376607,26.6910432666431
pdi,Callaway-Li,0.75,-2.12273282942124,3.74543430394853,-9.46364917162119,5.21818351277872,-45.6792411117554,41.433775452913
pdi,Callaway-Li,0.8,-0.448233747650875,3.29123732200677,-6.89894036335819,6.00247286805644,-38.7227819152658,37.826314419964
pdi,Callaway-Li,0.85,-0.675356743591237,0.444459045916667,-1.54648046619094,0.195766979008465,-5.84407218313823,4.49335869595575
pdi,Callaway-Li,0.9,-0.557096874209947,0.301917779802468,-1.14884484891508,0.0346511004951847,-4.06816747627246,2.95397372785257
pdi,Change-in-Changes,0.1,-0.973872517307655,0.649941416232706,-2.24773428518471,0.299989250569404,-4.5764651583534,2.62872012373809
pdi,Change-in-Changes,0.15,1.16524965442954,0.679260110661598,-0.166075698601878,2.49657500746097,-2.59985503794357,4.93035434680266
pdi,Change-in-Changes,0.2,-0.282064083315277,0.380801654503642,-1.02842161139568,0.464293444765126,-2.3928285367713,1.82870037014075
pdi,Change-in-Changes,0.25,0.528833571297241,0.380838752570622,-0.217596667658338,1.27526381025282,-1.58213651488162,2.6398036574761
pdi,Change-in-Changes,0.3,-0.02522508717243,0.558911118583686,-1.12067075015545,1.07022057581059,-3.12324135836095,3.07279118401609
pdi,Change-in-Changes,0.35,-0.5249974377125,0.548095220854141,-1.59924433068514,0.549249455260143,-3.56306173077872,2.51306685535372
pdi,Change-in-Changes,0.4,0,0.50873489110588,-0.997102064246432,0.997102064246432,-2.8198919612857,2.8198919612857
pdi,Change-in-Changes,0.45,-0.823348806283889,0.53000843448308,-1.86214624937318,0.215448636805404,-3.76115895050968,2.1144613379419
pdi,Change-in-Changes,0.5,-0.313215216614594,0.460831182771732,-1.21642773780018,0.589997304570994,-2.86757932752306,2.24114889429387
pdi,Change-in-Changes,0.55,-0.143065676979518,0.30858240187273,-0.747876070912935,0.461744716953899,-1.85352243873924,1.5673910847802
pdi,Change-in-Changes,0.6,0.0473678488616542,0.213831499141775,-0.371734188216432,0.46646988593974,-1.13788941585791,1.23262511358122
pdi,Change-in-Changes,0.65,0.247313404685087,0.312712746395536,-0.36559231575677,0.860219125126945,-1.48603764940807,1.98066445877825
pdi,Change-in-Changes,0.7,-0.177652180381983,0.535567919356248,-1.22734601359528,0.872041652831314,-3.14627827015587,2.7909739093919
pdi,Change-in-Changes,0.75,-0.614334741392895,1.42224710622422,-3.40188784670868,2.17321836392289,-8.49777904985262,7.26910956706683
pdi,Change-in-Changes,0.8,-0.500724745613638,1.29827702328294,-3.04530095320408,2.0438514619768,-7.69700910802345,6.69555961679617
pdi,Change-in-Changes,0.85,-0.223051493190042,0.373536879360821,-0.955170323634733,0.50906733725465,-2.2935476627443,1.84744467636421
pdi,Change-in-Changes,0.9,-0.295919004870825,0.393688333288476,-1.06753395924984,0.475695949508189,-2.47811367187881,1.88627566213716
