horizon,sentido,het,estimate,se,n,dimension,ci_low,ci_high
0,sube,mucha,0.469923740176618,0.0137575972984969,483207,competencia,0.442958849471564,0.496888630881672
1,sube,mucha,0.493176762521719,0.0138606673257909,483207,competencia,0.466009854563169,0.520343670480269
2,sube,mucha,0.532013154633745,0.0127708333670329,483207,competencia,0.506982321234361,0.55704398803313
3,sube,mucha,0.57361424935905,0.0132875185594144,483207,competencia,0.547570712982598,0.599657785735502
4,sube,mucha,0.650231479096496,0.0115395958892713,483207,competencia,0.627613871153524,0.672849087039467
5,sube,mucha,0.68540151224966,0.00957384473492999,483207,competencia,0.666636776569197,0.704166247930122
6,sube,mucha,0.690659958784562,0.00838494711966787,483207,competencia,0.674225462430013,0.707094455139111
7,sube,mucha,0.724755409219483,0.00733219774236393,483207,competencia,0.710384301644449,0.739126516794516
8,sube,mucha,0.743710946815262,0.00644869418765116,483207,competencia,0.731071506207466,0.756350387423059
9,sube,mucha,0.753967380208524,0.00572463611030083,483207,competencia,0.742747093432334,0.765187666984714
10,sube,mucha,0.766372773738494,0.00506042247806867,483207,competencia,0.756454345681479,0.776291201795509
11,sube,mucha,0.773129831898071,0.00460601319065639,483207,competencia,0.764102046044385,0.782157617751758
12,sube,mucha,0.792357977214801,0.00383975344800349,483207,competencia,0.784832060456715,0.799883893972888
0,baja,mucha,0.719870829900321,0.00727857932418861,374554,competencia,0.705604814424911,0.73413684537573
1,baja,mucha,0.779865026445015,0.00419405356274207,374554,competencia,0.771644681462041,0.78808537142799
2,baja,mucha,0.781657515580219,0.00362788294715073,374554,competencia,0.774546865003803,0.788768166156634
3,baja,mucha,0.768767413731232,0.00375664532812841,374554,competencia,0.7614043888881,0.776130438574364
4,baja,mucha,0.783788181653737,0.00340229438029629,374554,competencia,0.777119684668356,0.790456678639117
5,baja,mucha,0.788777561696518,0.00324966344422948,374554,competencia,0.782408221345828,0.795146902047207
6,baja,mucha,0.757865365603279,0.00514897772583275,374554,competencia,0.747773369260646,0.767957361945911
7,baja,mucha,0.784497130752799,0.0040367161668124,374554,competencia,0.776585167065847,0.792409094439751
8,baja,mucha,0.800183301753178,0.00336119879850301,374554,competencia,0.793595352108112,0.806771251398244
9,baja,mucha,0.758303948939349,0.00522929529006406,374554,competencia,0.748054530170824,0.768553367707875
10,baja,mucha,0.780500733076535,0.00474984294179343,374554,competencia,0.771191040910619,0.78981042524245
11,baja,mucha,0.793237144760519,0.00415829810544082,374554,competencia,0.785086880473855,0.801387409047183
12,baja,mucha,0.775592040033691,0.00483116157868483,374554,competencia,0.766122963339469,0.785061116727913
0,baja,media,0.714907408914004,0.00725184045305946,367217,competencia,0.700693801626007,0.729121016202
1,baja,media,0.770957816835116,0.0049121921841372,367217,competencia,0.761329920154207,0.780585713516025
2,baja,media,0.773470794337491,0.0039255431199742,367217,competencia,0.765776729822341,0.78116485885264
3,baja,media,0.761536512211513,0.00377760392972915,367217,competencia,0.754132408509244,0.768940615913782
4,baja,media,0.782021662228172,0.00352812518156142,367217,competencia,0.775106536872311,0.788936787584032
5,baja,media,0.788392336203341,0.00343413512999331,367217,competencia,0.781661431348554,0.795123241058128
6,baja,media,0.759085698126389,0.00485951379244696,367217,competencia,0.749561051093193,0.768610345159585
7,baja,media,0.789348471553631,0.00374899938662289,367217,competencia,0.78200043275585,0.796696510351412
8,baja,media,0.803794065259952,0.00323098430293487,367217,competencia,0.7974613360262,0.810126794493705
9,baja,media,0.75823844301416,0.00482931286180797,367217,competencia,0.748772989805016,0.767703896223304
10,baja,media,0.785178001460749,0.00427944542755264,367217,competencia,0.776790288422746,0.793565714498752
11,baja,media,0.799310159355208,0.00368719475224746,367217,competencia,0.792083257640803,0.806537061069613
12,baja,media,0.778383927445748,0.00422364050031811,367217,competencia,0.770105592065125,0.786662262826372
0,sube,media,0.514625410787005,0.0117679645876439,466938,competencia,0.491560200195223,0.537690621378787
1,sube,media,0.545175722075612,0.0119110127923593,466938,competencia,0.521830137002588,0.568521307148637
2,sube,media,0.571074400360924,0.0111921606601345,466938,competencia,0.54913776546706,0.593011035254787
3,sube,media,0.607912900771536,0.0107858678908626,466938,competencia,0.586772599705445,0.629053201837627
4,sube,media,0.685251470173784,0.00903255458337572,466938,competencia,0.667547663190367,0.7029552771572
5,sube,media,0.71427886331933,0.00738667031796701,466938,competencia,0.699800989496115,0.728756737142545
6,sube,media,0.70808516054631,0.00675145429865974,466938,competencia,0.694852310120937,0.721318010971683
7,sube,media,0.742190893387095,0.00599211252150498,466938,competencia,0.730446352844946,0.753935433929245
8,sube,media,0.75896023715258,0.0052799581086279,466938,competencia,0.748611519259669,0.769308955045491
9,sube,media,0.765649367350363,0.00469282531553447,466938,competencia,0.756451429731916,0.774847304968811
10,sube,media,0.776272464278458,0.00422253095919885,466938,competencia,0.767996303598429,0.784548624958488
11,sube,media,0.781294623052478,0.00392059393091534,466938,competencia,0.773610258947884,0.788978987157072
12,sube,media,0.799024453470498,0.00326679572315476,466938,competencia,0.792621533853115,0.805427373087881
0,baja,poca,0.740380945908166,0.00589986915799749,392886,competencia,0.728817202358491,0.751944689457841
1,baja,poca,0.776073135777109,0.00422864579205082,392886,competencia,0.76778499002469,0.784361281529529
2,baja,poca,0.771900680753075,0.00403035461714032,392886,competencia,0.76400118570348,0.77980017580267
3,baja,poca,0.763751847962522,0.00388634804220126,392886,competencia,0.756134605799808,0.771369090125237
4,baja,poca,0.77889059749344,0.00368805239321824,392886,competencia,0.771662014802732,0.786119180184147
5,baja,poca,0.784331722063017,0.00356577041064939,392886,competencia,0.777342812058144,0.79132063206789
6,baja,poca,0.773898947490394,0.00403201969915122,392886,competencia,0.765996188880058,0.78180170610073
7,baja,poca,0.794569271869543,0.00330261807527426,392886,competencia,0.788096140442006,0.801042403297081
8,baja,poca,0.802017511843113,0.00303802143985911,392886,competencia,0.796062989820989,0.807972033865237
9,baja,poca,0.776261104211369,0.0037228928155325,392886,competencia,0.768964234292925,0.783557974129813
10,baja,poca,0.798454711658235,0.00326863926509521,392886,competencia,0.792048178698649,0.804861244617822
11,baja,poca,0.80730033858864,0.00294214964112322,392886,competencia,0.801533725292038,0.813066951885241
12,baja,poca,0.792696547447064,0.00331012509180648,392886,competencia,0.786208702267123,0.799184392627005
0,sube,poca,0.607750374266901,0.0121741110585164,509365,competencia,0.583889116592209,0.631611631941593
1,sube,poca,0.648877601128216,0.0119699589933273,509365,competencia,0.625416481501295,0.672338720755137
2,sube,poca,0.667000908998634,0.0106142146142931,509365,competencia,0.64619704835462,0.687804769642649
3,sube,poca,0.690800241508563,0.00915407287694568,509365,competencia,0.672858258669749,0.708742224347376
4,sube,poca,0.747795262205688,0.00721688647225315,509365,competencia,0.733650164720072,0.761940359691304
5,sube,poca,0.762910594200679,0.00595798529533505,509365,competencia,0.751232943021823,0.774588245379536
6,sube,poca,0.754811312345902,0.00555488370798513,509365,competencia,0.743923740278252,0.765698884413553
7,sube,poca,0.780643064118326,0.00474360022905241,509365,competencia,0.771345607669383,0.789940520567268
8,sube,poca,0.790551189845865,0.00414659763460303,509365,competencia,0.782423858482043,0.798678521209687
9,sube,poca,0.792106207428244,0.00381229183564009,509365,competencia,0.78463411543039,0.799578299426099
10,sube,poca,0.797990276080141,0.00347759372629192,509365,competencia,0.791174192376609,0.804806359783673
11,sube,poca,0.799946360168671,0.00329898035970956,509365,competencia,0.793480358663641,0.806412361673702
12,sube,poca,0.807949720857461,0.00295150858491615,509365,competencia,0.802164764031025,0.813734677683897
0,sube,independiente,0.688353033659757,0.0223104896599479,180601,marca,0.644624473926259,0.732081593393255
1,sube,independiente,0.770471316797851,0.0173871225045492,180601,marca,0.736392556688934,0.804550076906767
2,sube,independiente,0.783124113156419,0.0132806370995997,180601,marca,0.757094064441204,0.809154161871635
3,sube,independiente,0.74864149548564,0.0128076328773016,180601,marca,0.723538535046129,0.773744455925151
4,sube,independiente,0.797750709079854,0.00966964458488854,180601,marca,0.778798205693473,0.816703212466236
5,sube,independiente,0.808487890891341,0.0077439987659429,180601,marca,0.793309653310093,0.823666128472589
6,sube,independiente,0.798274876045761,0.00708598159702206,180601,marca,0.784386352115598,0.812163399975924
7,sube,independiente,0.815588887322871,0.00618009408100892,180601,marca,0.803475902924094,0.827701871721649
8,sube,independiente,0.820698214000774,0.0057317618093637,180601,marca,0.809463960854421,0.831932467147126
9,sube,independiente,0.81846259487056,0.00569179506131845,180601,marca,0.807306676550375,0.829618513190744
10,sube,independiente,0.819614981302163,0.00570672434937694,180601,marca,0.808429801577384,0.830800161026942
11,sube,independiente,0.819938666453422,0.00574540474149776,180601,marca,0.808677673160086,0.831199659746757
12,sube,independiente,0.818352494870695,0.00613684531533444,180601,marca,0.80632427805264,0.830380711688751
0,baja,independiente,0.723960674613871,0.0109674186408628,133854,marca,0.70246453407778,0.745456815149962
1,baja,independiente,0.754673854119519,0.00838066422855762,133854,marca,0.738247752231546,0.771099956007492
2,baja,independiente,0.75207165408238,0.00826429677851095,133854,marca,0.735873632396498,0.768269675768261
3,baja,independiente,0.748682781547331,0.00785519999283177,133854,marca,0.733286589561381,0.764078973533281
4,baja,independiente,0.766471944567539,0.00759744652222022,133854,marca,0.751580949383987,0.781362939751091
5,baja,independiente,0.773437767621539,0.00743411004061779,133854,marca,0.758866911941928,0.78800862330115
6,baja,independiente,0.763706040643546,0.0078541572995557,133854,marca,0.748311892336416,0.779100188950675
7,baja,independiente,0.787730151140357,0.00680316776824639,133854,marca,0.774395942314594,0.80106435996612
8,baja,independiente,0.794567819913485,0.00646302638993087,133854,marca,0.78190028818922,0.807235351637749
9,baja,independiente,0.780311801011404,0.00692706817507772,133854,marca,0.766734747388252,0.793888854634556
10,baja,independiente,0.800608947410392,0.00627510978124455,133854,marca,0.788309732239153,0.812908162581631
11,baja,independiente,0.807120413460028,0.00601494985328734,133854,marca,0.795331111747585,0.818909715172472
12,baja,independiente,0.799331399376854,0.00623283923659144,133854,marca,0.787115034473135,0.811547764280574
0,sube,aramco_petrobras,0.525773628594224,0.0143053611346029,255388,marca,0.497735120770402,0.553812136418045
1,sube,aramco_petrobras,0.565823229342707,0.0142440630609233,255388,marca,0.537904865743297,0.593741592942116
2,sube,aramco_petrobras,0.591545035049068,0.0132962019547323,255388,marca,0.565484479217792,0.617605590880343
3,sube,aramco_petrobras,0.650202249431743,0.0108429117289326,255388,marca,0.628950142443035,0.67145435642045
4,sube,aramco_petrobras,0.710876009138335,0.00866517027710549,255388,marca,0.693892275395208,0.727859742881462
5,sube,aramco_petrobras,0.729429747251364,0.00741783177894483,255388,marca,0.714890796964632,0.743968697538096
6,sube,aramco_petrobras,0.725970443583055,0.0065523985471143,255388,marca,0.713127742430711,0.738813144735399
7,sube,aramco_petrobras,0.758443948060851,0.00584284836993602,255388,marca,0.746991965255776,0.769895930865925
8,sube,aramco_petrobras,0.770003150020892,0.0052977616095927,255388,marca,0.75961953726609,0.780386762775693
9,sube,aramco_petrobras,0.778188419525483,0.00456099640055619,255388,marca,0.769248866580393,0.787127972470573
10,sube,aramco_petrobras,0.787018650921646,0.00404613247357141,255388,marca,0.779088231273446,0.794949070569846
11,sube,aramco_petrobras,0.789607235965053,0.00377293976138481,255388,marca,0.782212274032739,0.797002197897367
12,sube,aramco_petrobras,0.804663305358597,0.00319034688903961,255388,marca,0.798410225456079,0.810916385261115
0,baja,aramco_petrobras,0.672334621568224,0.0103633263896267,202868,marca,0.652022501844556,0.692646741291892
1,baja,aramco_petrobras,0.746048106660562,0.00717620539677079,202868,marca,0.731982744082891,0.760113469238233
2,baja,aramco_petrobras,0.75306552689614,0.00523860297152053,202868,marca,0.74279786507196,0.76333318872032
3,baja,aramco_petrobras,0.746988161584267,0.00448263619933843,202868,marca,0.738202194633564,0.75577412853497
4,baja,aramco_petrobras,0.762612300260507,0.00434188810588352,202868,marca,0.754102199572975,0.771122400948038
5,baja,aramco_petrobras,0.770122196430527,0.00415087030159945,202868,marca,0.761986490639392,0.778257902221662
6,baja,aramco_petrobras,0.762155087241773,0.00537712911945298,202868,marca,0.751615914167645,0.772694260315901
7,baja,aramco_petrobras,0.785116233339548,0.00445710578015482,202868,marca,0.776380306010444,0.793852160668651
8,baja,aramco_petrobras,0.792922433337848,0.00390780182147161,202868,marca,0.785263141767763,0.800581724907932
9,baja,aramco_petrobras,0.770345777525033,0.00449099607313275,202868,marca,0.761543425221693,0.779148129828374
10,baja,aramco_petrobras,0.793581050446667,0.00410918735387235,202868,marca,0.785527043233078,0.801635057660257
11,baja,aramco_petrobras,0.800356638368356,0.00376493030800419,202868,marca,0.792977374964668,0.807735901772044
12,baja,aramco_petrobras,0.787827277815776,0.00394100201854387,202868,marca,0.78010291385943,0.795551641772122
0,baja,copec,0.788912261293372,0.00477321831175287,440062,marca,0.779556753402336,0.798267769184408
1,baja,copec,0.813990266800953,0.00299042519563789,440062,marca,0.808129033417503,0.819851500184403
2,baja,copec,0.81590923520471,0.00268768805347969,440062,marca,0.81064136661989,0.82117710378953
3,baja,copec,0.813040000119544,0.00250723759327035,440062,marca,0.808125814436734,0.817954185802354
4,baja,copec,0.823702366222232,0.00241067212967314,440062,marca,0.818977448848072,0.828427283596391
5,baja,copec,0.826599097992187,0.00236976649934663,440062,marca,0.821954355653468,0.831243840330907
6,baja,copec,0.803449258428483,0.00347777434322331,440062,marca,0.796632820715766,0.810265696141201
7,baja,copec,0.827945339304322,0.0024644404922488,440062,marca,0.823115035939514,0.83277564266913
8,baja,copec,0.837403350998747,0.00212546495812097,440062,marca,0.83323743968083,0.841569262316664
9,baja,copec,0.814094441944602,0.00287644431589347,440062,marca,0.808456611085451,0.819732272803753
10,baja,copec,0.829790092056887,0.00254299912384878,440062,marca,0.824805813774143,0.83477437033963
11,baja,copec,0.837592941895619,0.00211910828677116,440062,marca,0.833439489653547,0.84174639413769
12,baja,copec,0.825492899384867,0.00248870474970913,440062,marca,0.820615038075437,0.830370760694297
0,sube,copec,0.667024333987168,0.0131411694627936,581677,marca,0.641267641840093,0.692781026134244
1,sube,copec,0.698279465490843,0.0127805490119376,581677,marca,0.673229589427445,0.72332934155424
2,sube,copec,0.714526088874568,0.0113752007110465,581677,marca,0.692230695480917,0.736821482268219
3,sube,copec,0.733767776019422,0.00945325176386878,581677,marca,0.715239402562239,0.752296149476604
4,sube,copec,0.784867795694871,0.00725629698269976,581677,marca,0.770645453608779,0.799090137780962
5,sube,copec,0.80276088058238,0.00560562244055533,581677,marca,0.791773860598892,0.813747900565869
6,sube,copec,0.800573764457309,0.00495230282090859,581677,marca,0.790867250928328,0.81028027798629
7,sube,copec,0.818879728808871,0.00420354083098775,581677,marca,0.810640788780135,0.827118668837607
8,sube,copec,0.826894839996345,0.00357896489249637,581677,marca,0.819880068807052,0.833909611185638
9,sube,copec,0.829921448022239,0.00301124960005193,581677,marca,0.824019398806138,0.835823497238341
10,sube,copec,0.834700938022981,0.0026269751877993,581677,marca,0.829552066654895,0.839849809391068
11,sube,copec,0.837571092646032,0.00237185184144109,581677,marca,0.832922263036807,0.842219922255256
12,sube,copec,0.845459270801736,0.00191144554624446,581677,marca,0.841712837531097,0.849205704072375
0,baja,shell,0.67095979142866,0.00712474734570481,357873,marca,0.656995286631079,0.684924296226242
1,baja,shell,0.751390507868905,0.00461556278685224,357873,marca,0.742344004806674,0.760437010931135
2,baja,shell,0.746301523398917,0.00394573163841647,357873,marca,0.738567889387621,0.754035157410213
3,baja,shell,0.719695851527742,0.00383924875692059,357873,marca,0.712170923964177,0.727220779091306
4,baja,shell,0.744865075012284,0.00348973673117202,357873,marca,0.738025191019187,0.751704959005381
5,baja,shell,0.752304256792614,0.0033299118090872,357873,marca,0.745777629646803,0.758830883938424
6,baja,shell,0.71376012496195,0.00538384145280176,357873,marca,0.703207795714458,0.724312454209441
7,baja,shell,0.743130350622764,0.00406499219741601,357873,marca,0.735162965915828,0.751097735329699
8,baja,shell,0.764469890712925,0.00332787365613305,357873,marca,0.757947258346904,0.770992523078946
9,baja,shell,0.691528558447936,0.00524785372665257,357873,marca,0.681242765143697,0.701814351752176
10,baja,shell,0.727486759443123,0.00496346879017025,357873,marca,0.71775836061439,0.737215158271857
11,baja,shell,0.749578564128228,0.00433858581852691,357873,marca,0.741074935923916,0.758082192332541
12,baja,shell,0.717894193371057,0.00489982646179745,357873,marca,0.708290533505934,0.72749785323618
0,sube,shell,0.377998427449367,0.00841027030688631,441844,marca,0.36151429764787,0.394482557250864
1,sube,shell,0.389961282215631,0.00855143763907549,441844,marca,0.373200464443043,0.406722099988219
2,sube,shell,0.423637662468627,0.00811673967735556,441844,marca,0.40772885270101,0.439546472236243
3,sube,shell,0.467098464770535,0.00976876835567539,441844,marca,0.447951678793411,0.486245250747659
4,sube,shell,0.563370320952354,0.00920082206697426,441844,marca,0.545336709701085,0.581403932203624
5,sube,shell,0.603014274412458,0.00760380453698751,441844,marca,0.588110817519962,0.617917731304953
6,sube,shell,0.596615284690265,0.00638381174654868,441844,marca,0.584103013667029,0.6091275557135
7,sube,shell,0.644520596809344,0.00594508624581014,441844,marca,0.632868227767556,0.656172965851132
8,sube,shell,0.671236743579708,0.00526614822259626,441844,marca,0.660915093063419,0.681558394095997
9,sube,shell,0.682046257320686,0.00460981695385334,441844,marca,0.673011016091133,0.691081498550238
10,sube,shell,0.699214804488987,0.00410888309259933,441844,marca,0.691161393627493,0.707268215350482
11,sube,shell,0.707160219849238,0.00366171151739054,441844,marca,0.699983265275152,0.714337174423323
12,sube,shell,0.733557495583731,0.00303329699694522,441844,marca,0.727612233469718,0.739502757697744
